,text,favorite counts,retweet counts
0,土中にいた「娘」と待つ聖火正直、某知事のせいでオリンピック熱が冷めてましたが、この記事を読んで全力で聖火リレーを応援したくなりました。復興五輪、必ず成功させましょう。,0,0
1,「今回の延長で終わらせる」4都県知事、テレビ会議で決意なるほど、感染者数を操作･改竄して激減したようにして、今後は各企業等にも感染者が出ても公にしないように箝口令を敷き、終息したかに見せかけて、オリンピック強行開催って事だな‼️なかなかやるなぁ～クズども💨,0,0
2,だから政府は、何もしない。,0,0
3,,0,0
4,,0,0
5,ひろゆき氏フランスでは２４年パリ五輪を危ぶむ声…東京でできると誰も思ってない(デイリースポーツ)【東京オリンピックと菅政権さようならデモ＠京都】★日時：２０２１年３月１４日（日）午後１時集合午後１時３０分スタート★集合場所：京都市役所前,0,1
6,また増やす気ですか？,0,0
7,,0,0
8,もう減らないよwこの流れで引っ張って引っ張ってオリンピックギリギリまでってことないよな,0,0
9,【悲報】女子バレーボール人気選手、中学時代のイジメを告発され、東京オリンピック代表から追放される-ニコニコ２ちゃんねる,0,0
10,,0,0
11,オリンピック(意味深),0,0
12,こなみちゃんの応援にも力入るよ😊もう一度輝ける❗️まだまだ輝ける❗️一緒に叫んでくださいね😀,0,0
13,震災の多い国なのに避難所にする体育館になんの設備もないし、そのままオリンピックやるって言い張ってるしなんだかなー,0,0
14,,0,0
15,みんなからの匿名質問を募集中！こんな質問に答えてるよ●てしと落き突女たてっ狙？狙？狙…●レジ袋をこれ以上出して欲しくな…●オリンピック1〜2年延期案が出…●櫻井が撮られたのは単にジャニー…,0,0
16,オリンピックももう無理でしょ？早くやめてコロナ対策と給付金にお金を使って！GoToもいらんから👋他国みたいに補償をちゃんとすれば良いんだよ😤バカ政府‼️,0,0
17,東京オリンピック開催は無謀なんだけど、その無謀なことをやりたがる人がいるのは、日本に限ったことではないわけで。グラフは,0,0
18,菅谷大介は平昌オリンピックの実況で名言ぽいのを言ったらネットで叩かれたという黒歴史がある。,0,0
19,,0,0
20,やらないとは決めてない以上、オリンピックは開催されるのでは？という話を聞いてなるほどなあと思った。いろんな関係者がいるので、いずれにせよさっさと決めなきゃですよね。で、決めるも何も、やると決めたのから変わってませんという話。改めてまじかーと思ったのでした。,0,0
21,とまでは言えないことばかりだと思います…オリンピックだって元々は其処だから_φ(･_･🎀,0,0
22,お〜い政府のアホ共。高校生、中学生、小学生の子供らが何も出来なくて泣いてるのに、オリンピックはやるんかい?アホか?オリンピックなんかより、大事な子供らに目👀向けたれや!アホ、カス、ボケ!日本の若者に期待させい!クソ政府!,0,0
23,不要不急の五輪オリンピックなど大一番に中止だろうよ！飲食店に閉店時間短縮・休業要請するまえにこの時期にやるべきでない、疑惑の五輪などが中止されるべき,0,0
24,東仲PDがシナリオブックに「今作は、もともとオリンピックの時期に放送される予定でした。オリンピックが終わり、日本が高揚感に満ち溢れている中、慶太みたいな浪費家が増えているだろうなと思い、そんな流れとは正反対の清貧な主人公を描くのだったら、とても意味のある作品になると思いました」→,0,0
25,オリンピックで日本にも大量にやってくるね。ブラジルで変異株猛威1日2000人近い死者他国に波及懸念,0,0
26,オリンピックは純粋にがんばっているアスリートを応援する運動会ではないんだと思う。湾岸開発を目的に電⚪︎が誘致したらしいし、今だって電⚫︎が管理してるようなものでしょ？結局、一部の政党や企業の利益のために税金を大量に使う利権の祭典と思うと見る気はなくなるよ。,0,0
27,気合い💪のオリンピック開催ですかねこれは…,1,0
28,結局…都民に我慢を強いる以外なにもしてないように感じます。あっ…あとオリンピックを開催するために数字を操作したりしてるようには感じます。この人が都知事でも都民には何のメリットも感じない。,1,0
29,TOKIOの辞退はオリンピックの延期によりスケジュールが合わなくなったからですよ！,0,0
30,(科学オリンピック地学の学校代表(なお県予選落ち)),2,0
31,オリンピック期間は千葉がギリギリ被っちゃうけど関東は避けたのかな。,0,0
32,ハムちゃんが喜んでくれそうなのを選ぶのって楽しいですよね🥰✨エサもいろいろありそうですね😊ハムちゃん飼ってませんが…今度オリンピック見に行ってみます🤭,0,0
33,東京湾は下水以外に放射能汚染も深刻・・・,0,0
34,かかる前から虐殺だ外出、オリンピック、海外への移動の選択肢は自由であるべき早く海外渡航の規制を解け誰の為に殺されなきゃならない？思考停止したい文明を否定したい人？,0,0
35,2020の流行なんも分からん。鬼滅の刃と呪術廻戦の違いがわからん。オリンピックって結局あったんか？緊急事態宣言ってどこの国で出とったんや。あとNiziUってなんやねん、wiiUなら知ってるわ。,0,0
36,よくある会計を学ぶ物語調の本。まあ東京オリンピック2020は開催されないんだけどな,1,1
37,［清谷信一］近代オリンピックは欧米の歴史コンプレックスが源流だ①,0,0
38,［清谷信一］近代オリンピックは欧米の歴史コンプレックスが源流だ②,0,0
39,調子は悪くないので、ここでいい演技ができたらオリンピックにもつながると思う。全日本選手権のように自分をしっかりアピールする演技をしたい,0,0
40,【バイバイ原発３・６きょうと】を伝える京都新聞2021年3月7日付記事。「復興五輪といううそを塗り重ね、福島はオリンピックどごでねぇと叫びたい」,3,3
41,最近はテレビでオリンピックやる方向に向けてるけど、まじでやんのオリンピック。全部日本のせいにされるよ。どこの国も日本のせいにしときゃ丸く収まると思ってんだから。,0,0
42,オリンピック選手も諦めたらいい。観客はもう諦めてる。子どもたちに明るい未来を見せるではなくて、賢くない大人や政治家をみさせてしまってることに気がついて欲しい。,0,0
43,まあ高校野球できるならオリンピックもできるでしょオリンピック反対してる人高校野球その他スポーツにも反対してろよなプロ野球なんてもってのほかwゼロコロナなんてアホなこと言う輩がオリンピック反対って言うのは理解はしないけど道理は通っている,0,0
44,オリンピック委員の一貫して楽観的な見通しと通ずる物があるなって思って冗談を言ったつもりだった面白くなくてごめん,0,0
45,正確には、多少はマシになる、です。運動が苦手な人でも、練習すれば多少は速くなるでしょう。どんなにやってもオリンピックは出れないですけどね。まあ得意がない人もゴロゴロいますからね。「自分の中でまだマ…続きは質問箱へ,0,0
46,バイ作＆ぜえg「残り20日間どう過ごす？」むう「オリンピックでるべww」,0,0
47,第一回を田中一光が受賞したグラフィックデザインの賞にその名を冠している、グッドデザイン賞のGマークのほか、NTTやTDK、1964年の東京オリンピックなどのロゴを手掛けたことで知られる日本のグラフィックデザイナーは誰？-亀倉雄策,0,0
48,東京にオリンピック？それはダメっじょ！,0,0
49,みんなからの匿名質問を募集中！こんな質問に答えてるよ●オリンピックスタメン予想します…●贔屓球団がFA選手を獲得。人的…●ハムはどうすれば勝てますか……●来季はどこが優勝・日本一になる…,0,0
50,ほんと、あの人らだけで操法クラブ作って満足行くまでやれば良い全国操法連盟でも作って高校の部活化してインハイ、そしてゆくゆくは国体種目からのオリンピック種目へ…,0,0
51,今やオリンピック競技にまでなっているダンス💃KENZOさんの解説も分かりやすくて楽しかったです😊また第2回目も見たいです🙏😍,0,0
52,タイミングを間違えば効果半減ですから。アンタです！もち、リーニンも🌝,6,0
53,オリンピックって開催されたら7/23〜8/8までなんだね！オリンピックってそんな開催期間短かったっけ😯,1,0
54,おいオマエ！オリンピックにでも出ろっ。･･･そうでもしないと、オマエが走っている姿、私が見れないからな。,0,0
55,toシマサキヤスヒロ2030.［目標設定！］検索エンジンで一位の、S.N.S.の覇者！kou.↑2020.（夏）東京オリンピック。［開催予定。］↑2019.Google.で、検索一位のMessenger!↑2010.Twitter.登録。↑1975.02.28.0sai.fromしまさきやすひろkou.[目標設定！］no.仕方,0,0
56,オリンピック…開催するのか。例えば、開催して、感染爆発とまで行かなくとも、選手がコロナにかかったりそれで亡くなったりしたら、世界的非難だけでなく、遺族からの訴訟の流れになったりしたら、日本という国終わるやろ…そして、その状態になることはオリンピック委員会は責任とらないからな。,0,0
57,歴史が証明してるしな,0,0
58,みんなからの匿名質問を募集中！こんな質問に答えてるよ●今一番欲しいものは何？…●なんで昨日遊んでくれなかったん…●あなたはいつ卒業ですか…●東京オリンピックのチケット申込…,0,0
59,オリンピック中止で、一気に裏社会崩壊へ！-リチャードコシミズ,0,1
60,世界に目を向ければ明らかに五輪どころでない。それにしても、日本報道ではなく韓国報道とはいかに。国民の大半が反対してる東京五輪は、もはや呪縛だ。英メディア「東京オリンピック、全世界にリスク…中止すべき」に日本イライラ＝韓国報道（WoW!Korea）,0,0
61,オリンピック選手ですらオリンピック開催中という大事な期間にもセックスを欠かさずしてるのに、セックスを欠かさずするどころかセックスする相手すらいない浪人生の皆さん…😅✋,16,1
62,私もオリンピック開催支持派です、共産党関係なく😊別姓支持派はあっち系なんで😑アメリカの不正選挙は難航してますね、日本がそうならなきゃいいけどもデトックスジャパン＆アメリカ🙌,1,0
63,現状は復興五輪ではなく置き去り五輪です。コロナ禍のオリンピックは中止にするべきです！何よりもコロナの終息が最優先です！,6,3
64,オリンピック言ってる人達は目の色が違う。お金しか見てないからだろうな。,2,0
65,オリンピックミュージアム。寒空のなか当日入場も可能だと呼び込みをしていた。開催決定後、近代オリンピックはカネや利権が絡むという事を改めて思い知らされ、新型コロナや会長の不祥事と、こんな事になるなんて想像もできなかった。クーベルタン男爵の理想を考える…,2,0
66,いがーりの話ね話の発端はロンドンオリンピックからきていて心のバリアフリーになりTGCになり車椅子でTGCになった過度に政治にいくと軋轢が生まれるかもしれないがどこか寄りでないと更に揉めるこれで選挙に何かしらの効力はあるか？無いだろう新しい価値観としての心のバリアフリーというこ,0,0
67,,0,1
68,築地事件のせいでオリンピック街道がなくなって道路建設に関して国政に反逆するし新規開設する予定の、先般より準備していた卸場を遅らせたり自滅する気が満々なんだろうと、他から見て思います。,0,0
69,__φ(．．｡),0,0
70,あーーーーワケミニの写真はダメです6月はオリンピックなので,0,0
71,あとはオリンピック開催っぽいので多分一日中英語話すことになりそうなのでそこらへんの準備もかねて…舌も耳も準備しておかないと…,0,0
72,あっという間に変異株蔓延したな。第四波確実。無能無策の結果だ。とにかくオリンピック中止。,0,0
73,お昼食べてるときオリンピックほんとどうなるんだろって話してたら中2男子がポツリと「ていうか修学旅行行きたい」。…それな。,2,0
74,東京オリンピック招致の時に福島の原発は世界に人のコントロール下にある！と世界までウソ付いて招致したオリンピックに日本の隠蔽、ウソ、利権等、世界にバレてしまいました。10年経っても4階の格納機に近づけない現実,0,0
75,,0,0
76,オリンピックまでには終息するような気がしていました今はワクチンと変異株との追い掛けっこでしょうか🤔とにかく生き延びましょう😆👍🏻おお、明後日本番ですか😃頑張ってください😆💪🏻,0,0
77,政府や役所は社会を分断する施策を平気に実施する。オリンピックをやる意味あんのか。,0,0
78,オリンピックがとにかく楽しみですこんな時代だからこそアスリートの皆様を精一杯応援します,0,0
79,,0,0
80,確かに！PCR検査はしない！根拠のない一斉休校！見ようとしなければ、政府にとっては、コロナは無いのかも知れませんねオリンピック開催！,0,0
81,後、ネットで「中国は愛ちゃんが台湾より好き」の説明福原は子供の頃から中国に卓球のため中国に勉強したのに中国に何回でも負けた。そのため中国が福原が好き。もし福原は中国倒したら、中国人は絶対福原が嫌になりそうだ。これはオリンピックやどんなスポーツの世界選手権でもよく見えることです。,5,0
82,五輪中止。安倍晋三の嘘八百オリンピックインタビューが酷い。復興に役に立たないという声が7割近くあるのに、安倍晋三は胸を張って復興五輪と言う...,1,1
83,さっきの青天でも鎖国開国の流れで日本人たる矜持みたいなの今のこの状況でもわかるな。海外諸国にもう少し毅然とした日本の良さを示さなきゃね。コロナとオリンピックの双方とも。,0,0
84,,1,0
85,政府の人、原宿とかいかないから分からないと思うけど、結構マスクしてない人いっぱいいたよお🥺日本人はしてない人見なかったけど、やぱオリンピックは危ないんでね？,0,0
86,,0,0
87,,0,0
88,オリンピックはもうやらない東京から新たな新種を生み出す気か我慢は美徳ならオリンピックこそ我慢しろ国民ばかりに我慢を強いるな,0,0
89,みんなからの匿名質問を募集中！こんな質問に答えてるよ●東京オリンピックの後世界的に不…●最近読んでる冒険小説が面白くっ…●エアコンの温度は何度??|ू´…●なんかゲームやってたら右手…,0,0
90,,1,0
91,あんまり関係はないのだけどオリンピックが中止になっても移動する祝日はそのままなのね？,0,0
92,例年なら正月と節分に頂ける下鴨神社の厄除け甘酒が今年はコロナ禍でなくなってしまい、その代わりになりますようにと。そして葵祭、祇園祭をはじめ例年なら行われるはずの日本中の全ての祭が本来の姿で行われますように。オリンピックなんてほんんんっまにどーでもええねん。,0,0
93,鮒忠有明店.東京2020オリンピック・パラリンピックCollection.,3,2
94,隈研吾だけがオリンピックバブルですね。,1,0
95,会場押さえるだけでも大変そうって…あれ？日程はオリンピックとかぶらない(やるなら)？これ宿とか飛行機とか平気？,0,0
96,Rayを見てると、この時とはあまりにも世界が変わりすぎてて、実は今いるこっちがパラレルワールドなんじゃないかと思いたくなるRayの中の世界では東京オリンピックが開催されてるし、望海さんは聖火ランナーもやってる,0,0
97,娘から【兄さんの結婚式に行けない】と…先月から復職した娘の職場は【県外に出たら２週間出勤停止】だって幼い子供がいるから此処で２週間有給使う訳にはいかないと…親子で悩み中😞🌀息子にも気の毒😢こんなに自粛させといて聖火リレーだオリンピックだなんてよくやれるよなぁ😡😠,0,0
98,みんなからの匿名質問を募集中！こんな質問に答えてるよ●キレイなお姉さんは好きですか？…●同人誌で1番みたい(お気に入り…●雪駄派？下駄派？…●オリンピック当選してしまい16…,0,0
99,桑田さんカッコいい！桑田さんたちメンバー、スタッフさんたちが全力で楽しんでくれてる！SMILEオリンピック応援ソング泣けたよ桑田さんからのエール受け取りました！スタジアム満席で拳を上げて叫んで歌うコンサート早く行きたい明日晴れるかな…頑張ろ！,2,0
100,,1,0
101,菅義偉「変異ウィルスの拡大を懸念」は？？？今さら？？？？？！！！！オリンピック利権とGoto利権とマイナ利権にしがみついて、なんの対策もしないさせないして来て、今さら！？私たち国民に対していくらなんでも不誠実すぎるじゃない！お前達の仕事は『公助』だよ！！！,0,0
102,オリンピックをやるならこんな国からも選手やスタッフが来るんだよ。わかってるの？ブラジル感染再拡大で死者最多大統領「泣き言やめろ」（朝日新聞デジタル）,0,0
103,みんなからの匿名質問を募集中！こんな質問に答えてるよ●どんなお仕事してるんですか…●何の肉が好き？(陸でも海でも)…●親孝行って何?って考えるでも…●オリンピックについてお聞かせ下…,0,0
104,ｵﾘﾝﾋﾟｯｸが単なる利権の為って世界中にばれたんだから今後辞めたらいいんじゃないの？,0,0
105,これが左の本音ですよね(笑)東京オリンピックの成功を願います！,1,0
106,,0,0
107,,0,0
108,みんなからの匿名質問を募集中！こんな質問に答えてるよ●オリンピック楽しみなんですけど…●ラケブンするとか幼稚ですかww…●荒野一緒にしてるぎゃるの子誰ー…●田舎者の東京観光楽しいですかー…,0,0
109,もしかしたら平昌の時より、落ち着いてオリンピックに向かえるような気がする。ゆまちもとても楽しみ。もちろん試合は水ものだけど、この３人でワールドに行って3枠取れないイメージは一ミリもできない。敵はウィルスとか、外的なものだけな気がする。,0,0
110,オリンピック目指している選手の皆さんに向かってその言葉吐けるのか⁉️自分の出来る事で発信すれば良い事をいい年してどうかと思う！！ガッカリだわ🤷‍♀️最近の芸能人には本当に呆れてものが言えない🤦‍♀️,1,0
111,さすが、バイデンさん～～～♪日本も、「やればできる」くせして、やろうとしない！そんなに、「コロナよりオリンピック」というなら、その根拠を提示せよ！,0,0
112,【番組】先日出演した『真相深入り！虎ノ門ニュース』、なぜかまだ視聴可能です。ので、これを御縁に後半のウイグルの話と共に、「伊124」潜水艦によるダーウィン攻撃とダーウィン空襲と（29分～）、特集の東京オリンピックの歴史（46分～）のところを改めて聞いてみて下さい。,30,8
113,みんなからの匿名質問を募集中！こんな質問に答えてるよ●次のオリンピックも目指しますよ…●Styleのある滑りが大好きで…,0,0
114,【不定期ポスト】誰にでもオリンピック選手になるための教育を受ける権利があり、誰にでも音楽家になるための教育を受ける権利がある。。誰にでも医者になるための教育を受ける権利がある。。,0,0
115,オリンピックのボランティア申し込んでいる方いますか？,0,0
116,あぁ、もう稽古場でのお稽古も最後で…私が緊張してきた(何故🤷🏻‍♀️)だって舞台観劇って経験がいい歳して殆ど無い。そして、1年以上もギロッポン(死語)に繰り出してないから。都心行かなくなっちゃって、オリンピックでの改修工事とコロナ禍で街の様子がかなり変わってしまってるから不安〜。,0,0
117,東京オリンピック海外客受け入れ見送りへ、3月中に最終判断-ニュース総合掲示板｜期待はしてない！,0,0
118,ゴールド帯オリンピックで言えば一位なので俺はこれを誇る。,2,0
119,ほかのスポーツでも待機期間あるのに、オリンピックだけないのはダメですよね！選手村と会場の往復しかしないとしても、接触する人はいますよね😩,0,0
120,弩級ヤラカシ「山口県公安委員会の委員を現在まで3期務めているほか、東京オリンピック・パラリンピック組織委員会の顧問も」,0,2
121,あの場所はもう、ひろととさくらさんの聖地よね🌸💕,1,0
122,オリンピック&amp;パラリンピックを控える中､何かと忙しい毎日ですが躍進を祈ります｡,0,0
123,1964年の東京オリンピックに、当時分裂状態だった東西ドイツが「統一選手団」として出場。国歌としてベートーヴェンの『交響曲第9番』が歌われた。,7,0
124,もうオリンピックは思い出したくないよ...,0,0
125,羽生は冒頭に４回転２種類を予定１５日未明に男子フリー-JOC,0,0
126,,0,0
127,明日はついにエヴァ公開ですね〜🥰ようやく…本当ようやくだよ…前作が2012年公開とか嘘でしょ😌もう社会現象っていうか一種の行事だよね!!オリンピック的な(笑)それも明日で終わりか〜終わるのか〜？また旧作みたいに視聴者に丸投げしないでくださいね(-人-)楽しみだな〜✨✨✨,0,0
128,,1,0
129,これだけは続けたい早く終わらせるために政府も声を上げろ、オリンピックは同じ大地に立ち日本で見て貰うぞ！,9,3
130,オリンピックとかくそどうでもいいので勝手にGOTOしてもいいですか,0,0
131,ワクチンの話を見ながら、オリンピックのボランティアさんは優先摂取することになるけど、それぞれの自治体でお願いします、みたいなことが起きたりせんのだろうか、とぼんやり考えてる。,0,0
132,,0,0
133,存在しない2020オリンピックスタンプすき,0,0
134,オリンピック、悔しいなアスリートファーストに進めてくれはったら素晴らしい大会なのにほんまに。,1,0
135,,0,0
136,菅直人首相（当時）は、３．１１後の東日本大震災復興構想会議で、提言案に「東日本を中心とした国際競技大会は復興のシンボルになる」と盛り込み石原都知事が表明している2020年の夏季オリンピックの招致を国として積極的に支援する事を打ち出すべきではありませんでした。肝心な事には役に立たない。,0,0
137,,0,0
138,,0,0
139,,1,0
140,オリンピックには無理でも大阪万博にはオールアイドルマスター合同ライブは間に合わせられるわよ？,0,0
141,みんなからの匿名質問を募集中！こんな質問に答えてるよ●最近転職活動をしていて、3社受…●就職活動で一番めんどくさかった…●いま男性Vtuberのホラーゲ…●北京オリンピックの開会式にヒロ…,0,0
142,お釣りで貰った記念硬貨2020年にオリンピックは開催されていないので偽物ですよね😡,3,0
143,政治とは関係なく客と運営がちゃんとしてればオリンピック余裕で開催できると感じた。,0,0
144,予想します。東京オリンピックの中止が決まった次の週から感染者が激増する。,0,0
145,短距離走の極意やがなｗ今からオリンピック狙ってるのかな？,0,0
146,今、「本当にやるのか？」と自分の目で見るまで懐疑的なもの。シンエヴァ最終作と東京オリンピック😅,0,0
147,この漫画はパラレル2020年なので、シンエヴァは6月に公開され、東京オリンピックも猛暑のなか開催し、フジロックや各種夏フェスも通常通り行われています,0,0
148,オリンピック、2024まで先送りじゃダメ？,0,0
149,対馬は何事もなければ今頃は聖地として世界中から誉れの真髄を体験しようと人が集まり、オリンピックの後も日本に活気を与えていたに違いない。てーか、俺も行きたい。,0,0
150,オリンピック&amp;パラリンピックを目前に控え更なる大躍進を期待します｡,0,0
151,ところで東京オリンピックはどうなるんですかね😬気になります😅,1,0
152,横井選手がシンユビン選手に勝ったら大分やばない？オリンピック代表選手やから！でも考えたら一応シンユビン選手って横井選手よりも年下？ですよね？,1,0
153,可能性がゼロとは言い切れないので、大喜利がオリンピック正式種目になった時の為にホワイトボードを出すタイミングを研究しときます。(広),0,0
154,ワク○ンが効いたかどうかは【Ct値をいじれば有効だと証明出来る（そう見せかけられる）】オリンピックを開催する為の口実にも出来る。それとそもそも、PCR検査法は民間も行っているので色んな検査方が存在する。色んな検査法をひとまとめにしてPCR陽性者としているのが【おかしい】この統計が,3,1
155,こ、これは、、かなりヤバいよ。。。怖いよ・・・オリンピックとか言ってる場合ではないよ。本当に怖い。,1,2
156,【オリンピックあるある】優勝して金メダルを噛んだらまさかのひび割れ,0,0
157,オリンピックに関しては意地を張るくせに、なぜ国民に対しては一律給付金を出し渋るのでしょう、訳が分かりません。オリンピックはいっときです、そして一部の人のためだと思います。コロナ禍はまだ続きます。,0,0
158,『香川敬前会長は平成26年7月からは警察を管理する山口県公安委員会の委員を現在まで3期務めているほか、東京オリンピック・パラリンピック組織委員会の顧問も務めています』😱,0,0
159,JohnWilliams:OlympicFanfareandThemeジョン・ウィリアムズ:オリンピック・ファンフェアと主題—3bassoons(3rddoublingcontrabassoon),0,0
160,オリンピックかよ,2,0
161,,1,0
162,今R-1見たらZAZY(サジー)さんが出ててつばさん達のオリンピック動画思い出したw,0,0
163,いつも情報有り難うございます世界の感染者数がすごいのにオリンピックとか言ってる日本が恥ずかしいです分科会は「変異ウィルスの検査は陽性判明者の5%～10%だけすればいい」とワケわからん事を言ってます,4,2
164,前回の日本オリンピック開催地⛷️,3,0
165,,1,0
166,,2,1
167,東京オリンピックで、コンドームが配布される件について。ワイドなショーの芸能リポーターが、「これって都市伝説でしょ」と聞かれてて苦笑いで否定してて、えー本当にあるんだーって思った昨年の思い出,0,0
168,,0,0
169,48グループと乃木坂のオリンピック開会式の出演を願う垢です∧_∧(__)ぺこっヽﾉ)｣｣,0,0
170,,0,0
171,ぽん酢ちゃんとならノリで生きていけるわ…🥰卍どの身長になってもどうせ納得しないんだろうなって思いながらのないものねだり((色んな作品混じってるけど何のコスでオリンピック出るん？🥺🥺🥺,0,0
172,よって人生は遺伝と運によって金が絡まったり、オリンピックに出たり、ラジバンダリーだ。,0,0
173,時事通信に復興五輪「歴史に残る大会に」安倍前首相インタビュー―東日本大震災１０年。安倍晋三の嘘八百オリンピックインタビューが酷い。復興に役に立たないという声が7割近くあるのに、安倍晋三は胸を張って復興五輪と言う。,0,0
174,今日はオリンピック開催日ですね,6,1
175,東海道新幹線沿線(?)だから、新幹線の知識は前の東京オリンピックで止まってるのよな,1,0
176,,0,0
177,あんまりシャレにならないと言われなくなるギャグってあるよね…（例：衰退の象徴としてのオリンピック）,1,0
178,何故この日本で、オリンピックなんかしようと思ったのか、いまだに理解できない。,4,1
179,テレビでオリンピックの未来の水泳選手に、YouTube的なキャラの意味で、ヤンキーキャラと真面目な学生キャラの2人が紹介された。オリンピックだと真面目に頑張っても人気は出ません。厳しいのか？それとも自由か？,0,0
180,当時僕は高校生でしたが、今も色褪せない名曲ですね。,1,0
181,,0,0
182,私の寿命の中では日本国内のオリンピックはもう無いかもしれないが海外でのオリンピックはまた3年後もある東京オリンピックは諦めて次の課題に早く取り組んだ方がいいのでは？選手ファーストともいうが相手が出場できなければ試合にもならない選手間の条件は皆同じ大きく言えば世界中同じ条件,0,0
183,,0,0
184,あんだけ甲子園無くなって悔しがってた高校球児の特集はしてたのにオリンピック自体は何度もあるけど〝今〟は〝今〟しか無いのは高校球児だけじゃないんだよね,0,0
185,だだその日はオリンピックだったりする😑午前だから行けなくないけどwww,0,0
186,ZAZYのオリンピックを見ているようにドキドキした,0,0
187,2021年に夏季オリンピックを本気で開催するつもりなら、もう、全住民対象のワクチン接種が始まっても良い頃じゃと思っていたけどなあ。,0,0
188,オリンピック後の再開に期待しましょう！,1,0
189,みんなからの匿名質問を募集中！こんな質問に答えてるよ●くがさーーん💕…●ＢＬをどう思いますか？…●オリンピックについてどう思いま…●日向坂の影山優佳さん、早稲田っ…,0,0
190,,1,0
191,,0,0
192,オリンピックできるの？ブラジルで変異株猛威1日2000人近い死者他国に波及懸念,1,0
193,オリンピック、外国人の観客は無しの方向みたいね💦これから、どうなるのかなぁ～😣,0,0
194,静岡と千葉はオリンピックと日程重なるのね…,0,0
195,オリンピックの参加選手の7割が開催期間中に行為を行ってるというデータもある。ってどうやって調べたんですかね。。。東京五輪は儲からなさそうだし夜のオリンピックの裏ビデオでまかないましょう😅,0,0
196,面倒臭い事は面倒臭い人に全投げしてコミケもオリンピックもやってほしいし今日の高知ファイナルは11-4-9が来て欲しい。,1,0
197,【オリンピックやるつもりですか⁉️】都の高齢者へのワクチン日程、5月以降に、ずれこみ⁉️⁉️,2,0
198,オリンピック賛成と言えない世の中なんだよねたぶん,0,0
199,「復興五輪」の顔でもあるＴＯＫＩＯが聖火ランナー辞退・・・いよいよオリンピック中止が秒読みか！？これほどのタレントや著名人がさっさっと逃げ出すってことは、沈みかけた船から逃げ出すネズミみたいなものです。,1,2
200,オリンピックやワールドカップなどの国際スポーツ大会の期間中は、寝不足の学生が増える。また、学生だけにとどまらず、教授も寝不足なので機嫌が悪かったりする。,0,0
201,『平成26年7月からは警察を管理する山口県公安委員会の委員を現在まで3期務めているほか、東京オリンピック・パラリンピック組織委員会の顧問も務めています。』…😅,0,0
202,オリンピックより、パラリンピックの方を見てみたいものだなぁ！😆,3,4
203,ちょっと前に某番組でヒャダインさんがまるで国民の総意のようにオリンピック反対意見を述べてた(すぐ訂正してたけど)のを見てちょっとモヤッとしたな……感染拡大防止のみの観点から見ればやらない方がいいことはわかってるのよみんな,0,0
204,空手をやられていたんですね！オリンピック競技にもなった空手ですが、奥が深いんですね！哲学重視の流派もあるんですね。かっこよすぎます！,0,0
205,みんなからの匿名質問を募集中！こんな質問に答えてるよ●トランプ前大統領は好きですか？…●小池知事は好き？嫌い？…●東京オリンピックは中止すべき…●親にしつけられた時締め出し…,0,0
206,【悲報】森喜朗会長｢ネット見たらワイの悪口ばっかりや！オリンピックは意地でも�,0,0
207,謎に横浜平日だしねオリンピックある前提？なのかな。,0,0
208,今年は戦力になってて、オリンピックも選ばれて欲しい。でもうちの横山くんも、ちゃんとシュートが打ててて，デビュー時の大然よりたのもしいと思っています。,0,0
209,「地獄に落ちろオリンピック！」←こんなことオリンピックに言う時点で日本人じゃないと即座にわかるレベル【動画】「廃止だ廃止」「地獄に落ちろオリンピック！」JOC前で東京五輪中止を求めるデモ警察官50人出動で騒然:はちま起稿,1,0
210,アメリカ行きたいわ～。。日本はオリンピックしか頭にないし。国民の為に働きますって言ってなんもしないし,2,0
211,,1,0
212,野球、サッカー、バスケ、ラグビーはそれぞれ国のリーグがあり、かつ、世界大会もある。ゴルフやテニスもメジャー大会があり、そちらの方が魅力的に見えます。確かに、4年に一度、国を背負って戦う姿は素晴らしいです。ですが、オリンピックでなくても世界大会はあるし、そっちの方が面白いかと。,0,0
213,2021.03.07女子プロレスバーちゃんすプロレス、ガンプラ、オリンピック問題、呪術廻戦…盛りだくさんの内容で、,14,2
214,コミケ開催できるならオリンピック開催できるしオリンピック開催できないならコミケ開催できないよ,0,0
215,オリンピックだけじゃなくて試合大会全部がオンリーワンなことそこに命を賭けてるひとが沢山いることでもそんな人達だってやりたいなんて言えずにいることをもっと考えて欲しい,0,0
216,東京オリンピックで国技館が使用するから7月場所は名古屋開催の可能性があるということか。そうなれば・・・そうなってほしい！！仮にオリンピックが中止になってしまったら国技館開催になってしまう可能性はあるけど。オリンピック中止はコロナが治まっていないことにもなるから。,0,0
217,オリンピックやるなら握手会もしてくれ…。,0,0
218,有名人の聖火ランナー辞退、流行ってるの？笑報道の仕方もマスゴミだし、それに乗っかる芸能人もどうなの？スケジュール組んでたなら予定通りきちんとスケジュールこなしなよ。,1,0
219,正直大きな話題だから体験談とかまで含めて無目的で読んで発見したの、軽く調べて思い出せるだけでも・令和元年警察白書・毒青酸カリからギンナンまで・ふたつのオリンピック東京1964/2020・秘書綺譚～ブラックウッド幻想怪奇傑作集～の4冊ぐらいは挙げられる。,0,0
220,何故か今が1番厳しいな？何故1年前にせんのやみたいな。で、オリンピックがなんだって？,0,0
221,福島第一原子力発電所の格納容器の水位で余裕が残り30cmの炉もあり一日1cm低下といった状況で、コロナを収束させてオリンピック開催どころではなく、首都圏も含めた緊急避難計画も策定しておくことが、中期的に福島沖から千葉沖でのでの巨大地震もあり得る中で必要ではないでしょうか？,0,0
222,みんなからの匿名質問を募集中！こんな質問に答えてるよ●思い出せる限りで、一番古い記…●得意なモノマネを披露してくださ…●来年のオリンピックに出してあげ…●自分は運の良いほうだと思う？悪…,0,0
223,オリンピックはもうやらない菅安倍麻生二階竹中もういらないコロナ収束に集中しろ,4,4
224,なんか日本は衰退云々言う人がいるけれど、まあ少子化なのでそうなんだけれど、加速したのは東日本大震災だと思うけどね。誰も言わんけど😌東京オリンピック中止でも再加速すると思うけどよく考えたらココ10年であのクラスの震災+原発問題、オリンピック延期って世界的にみてもヤバいな,1,0
225,,0,0
226,オリンピックやるやらない論はそりゃあやらないがコロナ拡大だけを見ると最善なんだろうけど何もコロナ感染云々だけの問題じゃないからね今の報道の仕方だと、そこを言うならそも今外出を避けろよってなるし、延長に対する抗議にもじゃあ粛々と自粛してたんか？？という疑問しか抱けない,0,0
227,オリンピック期間から3週間会社休みにしてほしい！,0,0
228,それもそうかもだけど、そもそも土地の割に人が多すぎるのが、一番の問題なんじゃないかな？次の問題は、形だけでも努力義務をしていないと、オリンピック・パラリンピックが延期になった時に、責任を全部負う（=訴訟などで賠償金すごくなる）からかと。,0,0
229,オリンピックでもテストステロンは関連していて選手村ではコン〇ームが何十万単位で配られていますアスリート選手は男女ともに性欲が溜まりやすく選手同士で性〇為に発展しやすいと言われていてウサイン・ボルトの部屋の前に女性アスリートの長蛇の列ができた話は有名です,1,0
230,家庭内で1人でも熱が出るだけで保育園も仕事も休みになります。貯金は減るし信用は失いそうです。Gotoやオリンピックのミスばかり重ねてないで早く国民に給付金という名の慰謝料支払ってください。,1,2
231,オリンピックが出来なかったら小池さんは本当にダメだなぁと思うけどな,0,0
232,HELLO2020JETANAの特別塗装機。2020年のオリンピック・パラリンピック終了まで運行され、様々な種目や日本の風景が描かれている。特別にデザインされたヘッドレストカバー、乗務員のエプロンも特別デザインを使用。,3,0
233,,0,0
234,とりあえずメトラじゃなくて本当に嬉しいさすがヒプステ分かってる,0,0
235,「私は決心している。ワクチン接種を受けたくない」ヨハン・ブレイク東京オリンピック欠場を選択⇒,0,0
236,,0,0
237,「平成26年7月からは警察を管理する山口県公安委員会の委員を現在まで3期務めているほか、東京オリンピック・パラリンピック組織委員会の顧問も務めてい」るひとが通帳偽造か！！日本はどうなっちゃったんだ。,51,34
238,オリンピックやってもいかないけどw,0,0
239,,1,0
240,,1,0
241,1996年アトランタオリンピック女子1500m決勝,0,0
242,札幌は平日かぁー遠征行けるんかなー…怖いなぁオリンピックとかでホテルとかどうなるんだろ？,0,0
243,伊吹文明元議長が激怒！「老害という単語は差別用語だ」これは東京オリンピック・パラリンピック大会組織委員会の森喜朗前会長が辞任した問題で、森氏を「老害」と批判する声が飛び交っていることへの批判です。,0,0
244,,0,0
245,,0,0
246,変異株オリンピック、始まるのか？😞,2,0
247,なんとも。。。いま現代も変わらぬ。税金を吸い上げておきながらまるで我が物のように支出する。オリンピックに使った１兆６千億円なんて容易いお金だとおもっているのであろうな。,0,0
248,あ……大阪の宿高いのでは……？と思ったけど、オリンピック後だから値崩れしてないかな………,0,0
249,,1,0
250,,0,0
251,冬季オリンピックの日本代表選手の1人と同じ誕生日www,1,0
252,いろいろ妨害入って、まだ工事終わらないんじゃん?だって、オリンピック辞めますって言わないでしょ。,1,0
253,たまには遊びましょー‼️RISEは笛が楽しいです。😊,1,0
254,ありがとう！うんやれるだけやる！今はほんとに我慢で精神的にめっちゃしんどいけど元々歩いて完走でもいいやんて始めたことを思い出した(笑)オリンピックがかかってるわけじゃない🤣💦自分の範疇で名古屋ウィメンズを楽しむよ！次に繋がるっていいなー😊ありがとー,0,0
255,東京オリンピック中止となる話が外枠から来たのか。何だか混沌としていますね。,0,0
256,オリンピック楽しみ♪水泳の池江選手に期待してる！！柔道も楽しみだし、テニスの大坂なおみ選手の活躍を見てみたい(*ﾟ▽ﾟ*)なんとか開催されますように！皆さんも気になる競技や選手はありませんか？？このツイートを見られた方は是非、オリンピックへの楽しみをツイートしてみて下さいね,1,0
257,懸賞金100億ぐらいで習近平暗殺計画立てれば一般人の誰か殺ってくれそう。オリンピックより安い。お得。,0,0
258,どうやって日本のオリンピック開催の場所の近くでのコロナの緊急事態宣言を信じられますか。どうやってドイツとアメリカを信じられますか。,0,0
259,みんなからの匿名質問を募集中！こんな質問に答えてるよ●キュベレイは何回回した？…●東京オリンピック、開催したほう…●ハイゴックつかって…●初恋はいつ？(ちょっと気になる…,0,0
260,のび太はオリンピックの睡眠種目優勝候補と言われている,0,0
261,オリンピックって生物学的男、女、パラ、デフを4都市に分けて世界同時開催すれば良いのに,0,0
262,,0,0
263,わかります,0,0
264,来年のオリンピックが楽しみです。,0,0
265,,0,0
266,1920年、アントワープオリンピックのテニス競技において日本人初のメダルを獲得したのは誰でしょう？・・・・・・熊谷一彌（くまがいいちや）,0,0
267,コロナにも勝てない，復興も１０年経っても出来てはいない，そんな中のオリンピックが果たして相応しい国なのだろうか日本は・・・,0,0
268,,1,0
269,うーん、レントゲンはコロナとオリンピックどうなってるかだよなぁ。正直これの影響がまだ見えないし、配信あるなら配信でもいいかな…医療関係者に申し訳ない。,0,0
270,閉店をよぎなくされたり、職を失った人、家族が自殺した人、どんな気持ちでオリンピック観るんだろうね。,7,0
271,みんなからの匿名質問を募集中！こんな質問に答えてるよ●今一番欲しいものは何？…●東京オリンピックのチケット申込…,0,0
272,みんなからの匿名質問を募集中！こんな質問に答えてるよ●今一番欲しいものは何？…●家の近くのコンビニは？…●お菓子作る？…●東京オリンピックのチケット申込…,0,0
273,みんなからの匿名質問を募集中！こんな質問に答えてるよ●今一番欲しいものは何？…●東京オリンピックのチケット申込…●けつの穴の色は？…,0,0
274,みんなからの匿名質問を募集中！こんな質問に答えてるよ●東京オリンピックのチケット申込…●鉄道が好きになったきっかけは？…●名鉄に対するJR東海のいじめ酷…●あなたと仲のいい音MAD作者さ…,0,0
275,みんなからの匿名質問を募集中！こんな質問に答えてるよ●マルコの最推し曲教えてください…●誕生日の覚え方。軽々しく言う事…●ライブでときどきお見かけします…●東京オリンピックのチケット申込…,0,0
276,,0,0
277,NHKさんって、もしかして「半沢直樹」を大河でしようとしてるのかな？って少し思ったよ。正直渋沢栄一さんを題材にするなんて地味だし、エピソード的にもやっぱ盛り上がらないんだよなぁオリンピックならまだ盛り上がるけど、それでもあの視聴率だし＾＾；,1,1
278,年明けの共同通信世論調査によると「中止すべきだ」が35.3％、7月開催への反対意見は全体の80.1％。そんな中、東京オリンピック・パラリンピック組織委員会の新会長に就任した橋本聖子氏が決定したが、コロナ禍の中で本当に開催可能か？,0,0
279,寧ろ「オリンピックが延期になった時、この手の時計が逆戻りした瞬間」の動画が見たい。,0,0
280,8月14日～15日が大阪で……8月24日～25日が横浜…………オリンピックとかどーーでもいい。推し活の方が大事だから。,1,0
281,フランスでは2024年のオリンピックを開催できるかどうか心配しているらしい。今年？寝言でも言わないだろう。,0,0
282,&gt;東京オリンピック・パラリンピック組織委員会の顧問も務めていますあっ（察し,1,1
283,オリンピックで変更になったみたいですね…ご丁寧にありがとうございます😭😭😭,0,0
284,3年前の今日はCSCクリテに出ていたらしい🤔1枚目の写真に見覚えのある人がたくさんいてなんだか懐かしい😂オリンピックの影響でここ数年は中止になっているけれど再開して欲しいなぁ…,17,0
285,今年のカレンダーがほぼ出来上がったあとの政府発表だったので、早くに出来たカレンダーを持ってる人は祝日が変わってないので気をつけてね、と前にニュースで見ました！😊,1,0
286,東京五輪・パラリンピックの開催、中止を判断するのは大人であるが、日本の未来を担う中心になるのは若い世代の子どもたちである。もしこのオリンピックが中止になれば、子どもたちはどういう思いでそのことに向き合うのだろうか？そう考えれば、このオリンピックの重みが相当なものに思えてしまう。,0,0
287,オリンピックがとにかく楽しみですこんな時代だからこそアスリートの皆様を精一杯応援します！世界のアスリートが輝くメダルを期待しています,0,0
288,,4,1
289,オリンピックがとにかく楽しみです！こんな時代だからこそアスリートの皆様を精一杯応援します,0,0
290,みんなからの匿名質問を募集中！こんな質問に答えてるよ●彼氏さんフォローしちゃった(笑…●遠距離とか寂しい…●そろそろ会いたい💕…●羽生くんは東京オリンピック出ま…,0,0
291,【動画】「廃止だ廃止」「地獄に落ちろオリンピック！」JOC前で東京五輪中止を求めるデモ警察官50人出動で騒然:はちま起稿,0,0
292,オリンピックのためです！学生の大会は禁止！オリンピックのためなんで！ってやって、競技続ける奴はどの位残るんですかね。,4,1
293,そういうこと言わないでほしい。オリンピックがとにかく楽しみです。こんな時代だからこそアスリートの皆様を精一杯応援します,0,0
294,【東京オリンピック2020開催決定】各著名人・芸能人等が示した、東京オリンピック実現の際の公約について、正確に履行されたか追跡をする、懲罰委員会発足か。(新谷昇記者),0,0
295,オリンピックさんどうなのかにもよる？オリンピックさんのスケジュール把握してないのでなんとも🤔,0,0
296,こんな犠牲を払った上でのオリンピックなんて、不信感しかない。,3,0
297,【news】&lt;東京オリンピック開催なるか!?「ニコ生」で五輪開催地決定イベントの模様を完全中継&gt;,0,0
298,,0,0
299,ちょっと今回難解が過ぎて考えること放棄した概念多すぎるし、オリンピック大河でそれやって視聴率落ちたことやってしまってる感がかなりある迷走させたいなら成功だけど,0,0
300,オリンピックがとにかく楽しみです！こんな時代だからこそアスリートの皆様を精一杯応援します！メダルを期待しています,0,0
301,けものさんクソ謎だと思ってんだけど、オリンピックに関しては「オリンピックのため！！！みんなでここはオリンピックのために我慢をしよう！！！！」みたいな同調圧力がまるで見られないんだよな。それどころか「やめちまえ」が5割超える始末で。,9,2
302,【病院名】一般オリンピック記念病院【主治医】ヨリ先生【病名】ニュース速報依存症【治療法】・カムバを点滴・食後日本時間を服用・すーちゃん制限・緊急事態宣言廃止療法,0,0
303,今月末、オリンピックパラリンピックの各地の代表の皆様の聖火ランナーの人たちが街中を走るらしい…あれ？オリンピックパラリンピックって本当にやるの？このコロナ禍で本当にやるの？なんだかフライング的な我慢汁出し過ぎの先走り汁感半端ない。,1,0
304,オリンピックみたいな笑,1,0
305,選手村で「75%が性行為」の衝撃。濃厚接触NGもコンドーム16万個配布へ、英紙タイムズ「東京五輪中止すべき」選手村でのことなんて別に今に始まったことじゃないし。過去にはオリンピックベビーもあったんだから配布は当然やろ,0,0
306,田村淳さんでメリット薄れたの記事は本人としても不本意すぎる。曲がりなりにもオリンピック参加企業として如何かと著名人聖火ランナー辞退ドミノ密回避「参加メリット薄れた」|毎日新聞,0,0
307,そしてこの頃は負けっぱなしです。検査も減らしワクチンが間に合わないのに、オリンピックではしゃごうとする今そっくりです。,0,0
308,楽天市場Rakutenバッグ小物ブランド雑貨スーツ用ファッション小物ネクタイネクタイピンセットスポーツ野球オリンピックおもしろユニーク紺/ネイビー/緑ウォッシャブル撥水加工ポスト投函送料趣味ギフトプレゼント部活,0,0
309,企業の皆様、オリンピックがとにかく楽しみです！こんな時代だからこそアスリートの皆様を精一杯応援します！スポンサーの皆様はどんどん盛り上げて恩恵を受けれは良いと思います,0,0
310,オリンピックやったらコロナ変異種集まりまくりの、各国へばら撒きまくりになるだろうなぁ,0,0
311,オリンピックが恐怖になってきてしまったのですが神様,0,0
312,みんなからの匿名質問を募集中！こんな質問に答えてるよ●東京オリンピック出るの？…●また遊ぼねーーー︎︎☺︎…●集まろうどっかに…●いま何やっとると…,0,0
313,なんで戦争と、オリンピックが同じなのか。。怖い発想。こんな時代だからこそアスリートの皆様を精一杯応援します。オリンピックがとにかく楽しみです。アスリートのためのスポーツの祭典です。,0,0
314,どうもこう、オリンピックのせいで、いろいろ失ってる気がする。対策を遅らしたことでの人命も、交渉が不利になっての財産も。,0,0
315,北京オリンピックまで334日。北京のオリンピック公園の水立方はいつのまにか冰立方に変化を遂げていた！北京オリンピック見るためにまた北京来たいな〜(^^),1,0
316,思いっきりオリンピックシーズンだから、コロナ広まってないといいな…🤮🤮,0,0
317,長野オリンピックの競技会場だった記念プレート:茅葺き屋根と囲炉裏の古民家白馬マル七の過去日記,0,0
318,オリンピックとかいいけ、コロナどうにかしてほしい。,0,0
319,ちなみに数日前、HYDEちゃんとDAIGOちゃんと3人で焼肉行く夢見たんだ。それで焼肉食べたかったんだけど、なんか今日は情報過多だwオリンピックどうでも良い派なのでコンサート（オーケストラ演奏はコンサート）でテンション上がった！,1,0
320,小池百合子が緊急事態宣言延長を独断で仕切った理由を考える🤔1.暖かくなるほど感染者数は減少2.低感染者数のままオリンピック開催3.五輪で女性リーダーとして世界にアピール4.追い風をまといながら初の女性総理の道を画策（私はコロナを抑え込んだ都知事）※国民の８割が緊急事態延長を支持,1,0
321,そして、究極は、羽生くんの、その平昌五輪での６６年ぶりの五輪２連覇の金メダル🥇が、冬のオリンピック1000個目の金メダル🥇だという事👏👏,1,1
322,朝鮮総連に認定されてるご老人🍂私は、パッチギしか知らないけど、オリンピックを政府が開催すると思ってみえる、一般教養の無い輩🍂相手にされないと思っているけど、北朝鮮にお帰りください👋,1,0
323,観客からすると最終的にはアートになるのがすごい✨オリンピックシーズンプロ楽しみ🥰,0,0
324,オリンピック中止になれば、森さんよりも小池さんに起因するところが大きいのかな、と、,0,0
325,[昭和(戦後)]1972年札幌オリンピック,0,0
326,ブラジルで変異株猛威1日2000人近い死者他国に波及懸念,0,0
327,オリンピック開催したら東京素通りの交通費安くなりません？ない？そう,0,0
328,,0,0
329,,0,0
330,2021.3.7『今年の世界選手権はオリンピックの枠取りにかかって来ると思うのでもちろん3枠取るのが日本の為って皆さん言うと思うんですけど、僕は来年の自分の為に3枠取れるように日本に貢献できるように頑張りたい。全日本で見つかった課題を世界選手権で改善できたらなと』,174,44
331,そこら辺ってオリンピックやるんだったらどうなるんですかね……？,0,0
332,🦛さて、オリンピックから感染が世界に広がったとき・・・あーーぁ、これは自分達が起こした津波で・・・自分達が誰かを殺した・・・と思えるだろうか・・・いやぁ、カバもネガティブだな・・・というぐらい、世界にはシビアな地域もあるってことだけど・・・,0,0
333,スプライトとかぁ！😂,0,0
334,ほうほう。コレが噂のLOOKT20って奴か(o^^o)東京オリンピックモデルは流石にカッチョ良えのぉ(*ﾟ∀ﾟ*),38,0
335,オリパラハロちゃん完成!!久々の墨塗りだが上手くいったのでは！明日は時間があったらオリンピックのガンダム(HG)を作りたいなぁ,1,0
336,あるいるウェリントンANAオリンピックガンバ大阪気草携帯コロナ……,1,0
337,どうなるか🙄このまま行くとオリンピックは開催なのだろうな🙄何はともあれ名古屋場所開催は切望する🙏,2,0
338,門をくぐって、右にあるよく意味の分からないオリンピックポール。,0,0
339,オリックス吉田正尚外野手（27）が、東京オリンピック（五輪）の主要会場となる横浜スタジアムで特大のオープン戦1号を放った。「2番左翼」で先発し、初回の第1打席でDeNA上茶谷のスライダーを右翼席へ。今遠征で初めて経験した横浜で、相手シフ…,0,0
340,オリンピックがとにかく楽しみです！こんな時代だからこそアスリートの皆様を精一杯応援します！皆で応援して盛り上がってメダルをたくさんとって日本を明るくしてほしいです！,0,0
341,萩野公介が400個メ含む五輪選考５種目エントリー-水泳-東京オリンピック2020:日刊スポーツ,1,0
342,オリンピックだって『協力して収束させ、無事に開催させよう』って力を合わせればいいのに、はっきりと言葉にしないだけで『やめろやめろ』って言ってる日本の成功を妬み羨むどこかの勢力が見え隠れ…,0,0
343,日本選手権開催時には五輪枠取りに行くチームは代表決定戦の勝者のはずでした。一転して世界選手権開催でオリンピック枠取りが有るというのに、日本選手権優勝チームが世界選手権にも行くという従前の考え方で北海道銀行のようですが、何か違和感を感じました。,1,0
344,オリンピック選手とか使ってしょーもないドッキリするよりアホな芸能人にマルチ勧誘して引っかかるか見た方が100倍おもろいだろ,0,0
345,世界がこんな状況なのに、オリンピックって、味噌が腐ってる、、世界の変異コロナを集めて金銀銅、コロナンピック、最強の変異株を作って世界に頒布、、、,0,0
346,,1,0
347,横浜アリーナは多分オリンピック関連で予約取れない気がするからほぼ確実にぴあアリーナかなって思うんだけどどう?,0,0
348,実際問題コンドーム配布が苦肉の策だったんでしょうねぇ。スポーツマンだし若いし、なんとなく想像もつきますね。そろそろ「だったらナプキンも配布しろ」という検討違いな文句を言い出すフェミさんが現れると踏んでいます。,0,0
349,やっぱりプライズ含めてドラゴンボールの立体物商品を仕入れてる店は減りつつある。本来去年東京オリンピックをやる予定だったからバンダイ側はガツンと来ると思ってたけどコロナで昨年内にはできなかったし、それどころか外国人も日本旅行に行けない現状。,2,0
350,①コロナ検査しない②お金給付しない③都民の自助任せwithコロナ政策で、コロナが蔓延した責任は都民に押し付ける😅オリンピックがやりたくて、集団免疫獲得のために蔓延させてたんじゃないのかな？😅やるべきはゼロコロナです☺️,3,0
351,ヒプステのライブって大阪と横浜ってスタジアムででもやるんかな🤔あっ違う…オリンピックか！！,0,0
352,オリンピックもこれ使えばいいよ,0,0
353,【Apex】Apexオリンピック種目を作り出す海外プレイヤー現るｗｗｗ（えぺタイムズ）,0,0
354,オリンピックがとにかく楽しみです！こんな時代だからこそアスリートの皆様を精一杯応援します！オリパラで日本を明るくしてほしいです,0,0
355,オリンピック外国人の客入れなくても選手やスタッフ関係者入れるのでは意味ないのでは。コロナに打ち勝つ大会にするなら政府やオリンピック関係者が本気出してコロナ落ち着いてからやればいいと思う,1,0
356,今日の新聞を読んで気付く。カーリング女子世界選手権、開催するんだ。中止から一転、開催になったんだ。これの結果によってオリンピック代表に影響が…ってオチはあるのか？結果に関係なく代表決定戦はあるのか？,0,0
357,今回の新国立競技場建設の、狙いのひとつには空中権の売買があります。余剰容積利用権に着目すると、キールアーチの必要性や背後にうごめく見えにくい利権にも辻褄かつきます！！みたいな、話もじっくり聞けます！！オリンピックx塾義,0,0
358,フランスは〈ガリア〉、ドイツは〈ゲルマニア〉、あな底深きギリシア語かな（アテネオリンピック開会式）『アスタリスク』,0,0
359,,0,0
360,オリンピックは、コロナ蔓延招く。辞めるべし。ＪＯＣ前で五輪中止求めるデモ警察官５０人出動で騒然/スポーツ/デイリースポーツonline,1,0
361,女性デーが許せないスウェーデン大使から見たニッポン-東京オリンピック：朝日新聞デジタル[38コメント]男女平等の先進国であるスウェーデンの駐日大使、ペールエリック・ヘーグベリさんは3月8日の国際女性デーが「嫌い」だと言います。女性が不平等…,0,0
362,ヒプステライブは大阪もしかして激戦？横浜2日間とも平日なんですけど。なぜ？大阪はお盆期間だから日本中からファンが押し寄せるね。オリンピック関係ないからホテル取りやすいし。🦠落ち着いてますように,1,0
363,オリンピックを盛り上げよう、こんな時代だからこそアスリートの皆様を精一杯応援します,0,0
364,東広島で東京2020オリンピック聖火リレー！ルート・時間が発表されてる,0,0
365,こんなご時世でなければオリンピックで来る外国の方々にも観て欲しいし、なんならオープニングで出して欲しい。,0,0
366,これじゃ日本国崩壊ぢゃ,0,0
367,代々木のオリンピックセンターが咲の聖地とは,1,0
368,全日本私立幼稚園連合会数億円使途不明前会長が通帳偽造関与|NHKニュース何だか怪しげな匂いもする。香川会長は平成26年7月から警察を管理する山口県公安委員会の委員を現在まで3期務めている。東京オリンピック・パラリンピック組織委員会の顧問も務めています。,1,3
369,,0,0
370,オリンピック誘導がちでどうしようかなーってなってた。下手にやるとばれるし。スポーツの名前ですか？が割と怪しいかなって思ったんだけどでもあれぶってぃさんが言ってたの拾っただけなんだけどね！弁明は出来た,0,0
371,こんな状況でオリンピック・パラリンピックなんて出来ません💢はよ、やめて。コロナ感染急増のチェコ、患者の国外移送検討医療崩壊の恐れ(ＡＦＰ＝時事),0,0
372,あんなスポーツマンシップないくせにオリンピックとかWカップ出てるからすごいよね,0,0
373,白馬村役場のソチオリンピック渡部暁斗さんを祝福する横断幕:茅葺き屋根と囲炉裏の古民家白馬マル七の過去日記,0,0
374,はいはいだからもうハイパーオリンピックを自宅でプレイしておもちゃの金メダルを全員に渡せばいいっての。＼(^o^)／＞下村博文政調会長「オリンピック中止」に言及,0,0
375,映画航海士のスピンオフめちゃ見たい…あの配役でオリンピック号時代とかメディック号時代とか見てみたい…,2,0
376,俺金魚見に行ってもえぇんやけど（アクアナンチャラカンチャラ。）ｼﾞｬﾊﾟﾝｹｰｷｼｮｰ東京。見に行きたいんな。13年前から言うてたけど、永遠に行かないまま33やで今もｵﾘﾝﾋﾟｯｸ候補でも、ﾋﾟｴｽﾓﾝﾃ候補でも会社に邪魔しに来る奴がおるで。飴細工一回もやらんままやったけど,0,0
377,オリンピック自体どうなるかわからないけど,1,0
378,まさかSmileが、オリンピックsongとしてじゃなくて、コロナ禍みんなで踏ん張ろうsongとして絶大な力を持つことになろうとはな……😭,28,3
379,東京オリンピックのあとか！？凄っ！,0,0
380,昭和が消えちゃうよ。東京オリンピックもあったあの楽しかった昭和が。,0,0
381,オリンピック出られる技だね～,0,0
382,コロナ直前に発売されたビジネス書読んでたら2020年はオリンピックもあり景気がよくなります！って書いてあって悲しくなっちゃったよ。,0,0
383,日程的に一番怖いのが、オリンピックとかぶる事なんだが………チケット3枚当たってるやつある…………,1,0
384,,0,0
385,オリンピックと夫婦別姓って関係あんの？,0,0
386,ジャジーでもムーディーでもない曲だけどSMILEでみんなが元気になれるんだからもうオリンピックだけじゃなくて日本の応援歌でいいよね。,3,0
387,,1,0
388,【英・「東京オリンピックを中止しろ」金と威信のためにオリンピックをやるな】詳細は動画をご覧ください！チャンネル登録もお願いします！,0,0
389,この曲はオリンピックの選手を応援する歌なんだけど、震災やコロナ禍を生きてきた人生の歌でもある気がして泣けてくる😭😭😭スタッフ達が皆んな腕を上げて、手拍子をしている姿にも泣ける。。😭😭😭,2,0
390,サンデーモーニングを見ていていつも疑問に思うのはオリンピックに批判しないことだ！スポーツコーナーはなくしていい。いかにもオリンピックを開催してほしいように映る。マラソンの新記録？オリンピックの参加選手じゃない！どうでもいいよ！開催できないことを訴えなきゃ！,8,1
391,そうか！前回は仮面ライダーツクヨミ仮面ライダーには女性も歴史があるよねちゃんと平成からジェンダーレスなんだなオリンピック委員のカタブツ国会議員よりずっと頭柔らかい,0,0
392,「無理矢理な理屈をこじつけて女性を走らせてる」とかいうつもりなんだろうか…この方々、アスリートの大会やオリンピックをみて「無理矢理運動させられてる」と訴えないのはなんででしょうね…男性ばかりいたら「女性蔑視」と言い出すし、女性が進出しても「比率が少なすぎる」と言い出す,2,0
393,降りてるよね〜〜スケジュールの都合って本当なのかなって疑ってるとこあるwwwオリンピックって有観客なんだっけ？？オリンピックできてライブできないってどういうこと...,0,0
394,オリンピックなんてさっさと中止しちまえばええやん,0,1
395,上野のマイスタージンガーはオリンピック次第で旅費がかなり異なりますが、一応7日公演は押さえようかと思っています。,1,0
396,トリノ：ピエモンテ州の州都。1959年に第1回夏季ユニバーシアード、2006年に冬季オリンピックが開催された。,0,0
397,日本政府さんはオリンピックやりたい欲マックスに感じるけど国民はもう無理やろって思ってるよ,2,0
398,自分磨きの一種？として2020年のオリンピックボランティアに応募することにしました！語学とかはさすがに無理だから一般枠で応募します！意気込みとか書く場所ないから悩まなくていいのはありがたいただ私には大したスペックがないんだよね…,0,0
399,オリンピックの曲に「モテないじゃん」って詞ぶち込む桑田さんすこすこ,0,0
400,うちも何かに逆転されないように頑張るわww😂💕確かに！オリンピック並に子供の行事大事😂✨ライブも行きたいし、コロナ早く収束して欲しいね🥺,0,0
401,このツイートをラミィちゃんがエゴサするのにかかった時間は8秒ですオリンピックレコードまであと少しです,0,0
402,,0,0
403,どこぞのオリンピック委員会みたくフリップとコントの比率調整しろよ…フリップ芸ばっかじゃん,0,0
404,SMILEは、本来東京オリンピックの民放共通テーマ曲だったけど、いつの間にかコロナと戦う全ての人達への応援歌のような位置付けになりましたねある意味、今日のライブを象徴する曲でしょう,0,0
405,試合に影響とか無いのかな～っ！そして誰とするんですか？😭何か変な売春宿みたい！😭日本の選手も皆してるの？😱なんかイメージ崩れるよな？😭閉会式の時に、この大会で何回しましかって聞いて見よう？😂,1,1
406,検査数を少なくして、オリンピック忖度満載の検査で、感染者数が先週の値を下回ったと言って喜ぶのはいかがでしょうか。東京の保健所の発表数字を信用できる？,2,0
407,駒沢オリンピック公園総合運動場体育館に写真を投稿しました,2,1
408,こんなこと官邸でやってるお笑い国家がオモテナシとか言ってオリンピックとか無理に決まってるだろ😇首相官邸でのお茶出しが裁判に。「お茶が薄い！」「今、暴力を振るったな！」この国もう駄目だよ。[112890185],10,6
409,氷山の一角。“全日本私立幼稚園連合会数億円使途不明前会長が通帳偽造関与”とんでもないのが山口では顔役。平成26年7月からは警察を管理する山口県公安委員会の委員を現在まで3期務めているほか、東京オリンピック・パラリンピック組織委員会の顧問も務めています。,1,1
410,そしてこの曲聴くとオリンピックは開催して欲しいと思う,2,0
411,,0,0
412,「SMILE～晴れ渡る空のように～」オリンピック応援ソング初披露💙,0,0
413,,0,0
414,パリオリンピックで24番のユニ（もちろんサンガ❗️）着てゲーフラ掲げるって夢が現実に近づいていく…😆頑張って働いてお金貯めないと😅Ｊリーグ.jp,2,0
415,新札の宣伝と東京オリンピックの宣伝。宣伝内容違うけどひねりなさすぎ。あと一話の幼少期が苛ついた。一応一話見て決めるからね。,0,0
416,聖火リレーが地元通ったら、温泉に行く。花見もする。コンパもする。オリンピック開催なら四国か北海道に旅に出る。,0,0
417,聖火リレーまで、なんならオリンピック開催直前まで、ゴールポストをずらし続けるかもやはり開催ファーストそりゃあバッハ会長に「我々は2人だけサバイバー」と言われるだけある💀小池百合子知事の耐え難い不誠実さ。公言した目標と「謝罪の言葉」はどこへ行ったのか,0,0
418,ロンドンオリンピックってもう終わったの？（おばあちゃん）,0,0
419,SMILE～晴れ渡る空のように～オリンピック延期のダメージと闘う日本の救いになっていると思う。,2,0
420,マリオ＆ソニックバンクーバーオリンピックのキャラフルコン出来た！！これで他ゲーに手を出せる😭😭ポケモンに手を出しますかね((´∀｀*))ヶﾗヶﾗプラチナやりたい！時の探検隊は厳選したくない😅,0,0
421,きのう『あのこは貴族』、きょう『すばらしき世界』みたらほぼ同時代の隅田川ぞい（と地方都市）の話だったので予期せぬ相乗効果があった。オリンピック前の東京格差ユニバースよ。,3,0
422,オリンピックだけじゃなくてコロナ禍で頑張る人にもぴったりの曲✨,7,0
423,8月の東京ってオリンピックで馬鹿くそ旅行費高くならない？,0,0
424,オリンピック開会式でサプライズ初歌唱して欲しかった「SMILE～晴れ渡る空のように～」の初歌唱が配信ライブになってしまったのは正直なところ残念な気もする。コロナのバカぁ！,10,0
425,「SMILE～晴れ渡る空のように」オリンピック応援ソングだけど、今は医療従事者の方々への応援歌にもなってるよね～,1,1
426,Smile、去年開催できなかった東京オリンピックの応援歌、今年も開催できるかわかりませんが、開催できるならば、この曲を開会式の会場で聴きたいですね！,1,0
427,水戸の斉昭公､「オリンピックを何が何でも開催して世界に日本の凄さを知らしめよう」みたいなこと言ってる老害をモデルにしたかのよう,0,1
428,当時の朝日新聞に掲載された楽譜をコピーしまして、茅ヶ崎の山田耕筰の歌を歌う会の方たちのレパートリーにして貰おうと思ってます。山田耕筰の茅ヶ崎居住時代の作品です。,3,0
429,オリンピックを中止できないのはそこで儲けようとしてる層が騒ぐから？っていう話があるみたいだけど、開催して最中に観戦増加したらその時点で日本の株落ちるよ。株価はしらんけど日本に対する信用そのものがなくなる。押し切ってまでやってそういうこと,2,0
430,東京オリンピック中止と言わないスポンサーとなっているメディアは、国民の生命をないがしろにする自民党政権と同じく万死に値する。,0,0
431,この曲初めて聞いた頃はオリンピックに胸膨らませてたなぁ・・・・,0,0
432,オリンピック中止にしてから言おう,1,2
433,東京オリンピック決定→スーパーのOlympicの株が投資家のオモチャにされる,0,0
434,,0,0
435,あの人もしかしたら…？そう思う事自体は、知ってなきゃ思えない事だから別にいいの。だけど口に出す時にはちょっと気をつけないとね。オリンピックの某元会長のように、悪意なく何の気なしに言ったことが「蔑視」にならないように。,0,0
436,古代のオリンピックは全裸で競技が行われていた,0,0
437,正直オリンピックよりロドとかガブリエルを観たい。,0,0
438,15曲目は「SMILE～晴れ渡る空のように～」民放5系列による2020年東京オリンピック共同企画「一緒にやろう2020」のテーマ曲,1,0
439,やった！SMILE！オリンピックはどうなるか分からないけど曲自体は神だから！,0,0
440,この曲、オリンピック応援ソングみたいな大衆的なものにしてはめっちゃいい曲だよね。,0,0
441,これがオリンピックのテーマソング！！ってワクワクした時は、こんなコロナでめちゃくちゃになると思ってなかったなぁと思ったら、さすがに泣ける,0,0
442,小池都知事は、国民・都民の不安を理由に、そのうちオリンピック中止を声高に主張しだすのではないだろうか。このまま無観客や国内客のみで矮小化されたオリンピックの主催都市首長におさまる器ではない。,0,0
443,今頃辿りついたわ〜(´∀｀*)ここに答えがあったかも？異様に高い費用の流れ。2020年の東京オリンピックの際にも、大規模なメンテナンス作業が行われる可能性があり。というか、そのために東京オリンピックを誘致したのではないか？⬇️見てごらん？おもしろいよ。,6,0
444,オリンピックを開催しなくてもコロナに負けた、とはならないと思うんだけどな、、、,0,0
445,待ってクレジットに国旗検証?の人吹浦さんって..................吹浦さん..................(いだてん脳)めっちゃ好きなんですよ吹浦さん.................東京オリンピックの開会式で誇らしげに参加出来なかった国の国旗も掲げる吹浦さんが......え、どういう偶然(大歓喜),2,2
446,オリンピック招致関連,0,0
447,えっ！？4月の新番組バトルアスリーテス大運動会やるの！？懐かしい！！まさかの新潟も放送あるわ昔はやらんかったのにあれですか、オリンピック盛り上げる為のなるべく全国配信にしたんですか？w,0,0
448,,0,0
449,思い掛けず一流の解説と一緒に古今東西のダンスを観て聴けて興奮しました！中居君の眼の綺麗なこと💙オリンピックがあるならガチッと締めた鍵が緩む中居君のチャレンジ魂に火をつける色んな,0,0
450,多分オリンピック直前まで緊急事態宣言続けるんだろうな〜そしてオリンピックが終わって気温が下がってきたらまた宣言するんだろうな,0,0
451,【次の東京オリンピックが来てしまう前に/菊地成孔】を読んだ本に追加→,0,0
452,,0,0
453,オリンピック出来ないと思われる。なのに聖火リレー始めるのか！分けの解らん。聖火リレーは中止するかオリンピックが決まるまで待て！,0,0
454,運動会とオリンピック〜君が一位で僕がビリでもそれは同じレースじゃないんだよここのバース刺さる,0,0
455,「知って驚く東京『境界線』の謎」読了、区界はどう決まったかなど、15区、35区時代の東京の範囲の話をいろいろな事例から紹介するのが楽しい。境界狂の著者にうちの近所が三大「境界密集地」の一角に認定されていた笑駒沢オリンピック公園の陸上競技場が区を跨って建っているとかの小ネタも,0,0
456,今2020年1月の少クラ見てるんだけど、盛り上げる人達(失礼)もちゃんといるし、「東京オリンピックの年です！」って言っててなんか懐かしく感じた…。でもこれ1年前のことなんだよな…。この1年ですっごい変わったな…。,1,0
457,オリンピック楽しみだね！(舞台ヒプステをオリンピックだと思ってる人)俺たちのオリンピックはこれからだ！！！！！！！！！！(エンドカード),0,0
458,オリンピックから女子プール系が無くなる。,0,0
459,どこかひとつでも行ければいいと思うくらいのレベルだけど行こう😭,0,0
460,オリンピックでドーピングして捕まってるのはそういう事なんだよな～f(^_^;クロスプレイ出来るやつなら別に公式も認めてるやつだから良いと思うけど(´･ω･｀),0,0
461,化け喰いGPってもはや食のオリンピックだよなぁ,0,0
462,山口県公安オリンピック確信犯💢…山口県ってだけで何でも怪しく感じてしまう（県民の皆様に申し訳ございませんが）,0,0
463,オリンピック...ねぇ。人間誰だって一つの物事に何年も取り組んだらそれは世界を頂点を決めるだののレベルに到達するでしょう。本当に凄い人間は何でもそつなくこなすものよ。その方が私はいいわ。「夏」,0,0
464,,0,0
465,みんなからの匿名質問を募集中！こんな質問に答えてるよ●オリンピックのマラソンと競歩の…●やっぱり鮭は好きですか？蜂蜜…●実際に会ってみたいフォロワーさ…●やっぱり夏場は暑いですか？…,0,0
466,,1,0
467,彼の生涯スポーツです(笑)オリンピック選手も出てるので観てるの楽しいですよー👌,1,0
468,平和の祭典でもある政府は慎重に見定めて判断しないとね。開催日程が合わずボランティア&amp;ランナーと辞退が相次いでるけどさ。,0,0
469,海警法「国際法に合致」対日関係重視、対話解決訴え中国・王毅外相(時事通信)日本中国なんかの手のひらに乗るなよ！来年の冬季🇨🇳北京オリンピック日本が辞退すれば世界も辞退してくるよ！コロナで滅茶苦茶にされ北京オリンピック出たらアホだぞ！,0,0
470,例年５月合わせのところ、ここ２年オリンピックで３月、しかも静岡だもんな。無理もないと観ている。神主の作品で気になるのは音楽だね。……神曲揃いなので、今度も楽しみ(￣ー￣),0,0
471,,0,0
472,最近の疑問もう三月だけどオリンピックやるの？国立競技場作り直す必要あったの？聖火リレーってどうなったの？福島大丈夫なの？,3,0
473,オリンピック楽しみ♪ボクシングの森脇選手に期待してる！！陸上も楽しみだし、バドミントンの桃田選手の活躍を見てみたい(*ﾟ▽ﾟ*)なんとか開催されますように！皆さんも気になる競技や選手はありませんか？？このツイートを見られた方は是非、オリンピックへの楽しみをツイートしてみて下さいね,0,0
474,,0,0
475,迷いの剣（ベアトリクス戦のBGM）を弾かせたら天下一品ちなみに、負け確定イベントな。ベアトリクスがつぇえんだ！（オリンピック解説するときの織田裕二風）,1,0
476,競輪（自転車）や馬術は、オリンピック競技になっています。しかしパチンコは何の生産性もなく、破壊しかありません。人間をダメにする産業は、一刻も早く禁止すべきです。,0,0
477,久々に動画更新しました！お股せｗ女子にはできて男子にはできない『オリンピックで競技まで男女平等にしたら男子の金的が！？』,1,0
478,★＃オリンピックを中止させるまで毎日拡散★福島第一原発事故由来の汚染物を埋め立てた東京都中央防波堤廃棄物処分場（お台場の南）で、五輪競技が行われようとしています！英訳,0,0
479,オリンピック開催…なの？,0,0
480,満州行進曲【戦時歌謡】など、戦時中の朝日新聞や毎日新聞が犯した罪を、なぜ今書いたのか？引き下がらない菅政権とオリンピックに思う、国民の犠牲だよ官房機密費から学にお金を渡してデータ捏造、それを新聞やテレビで報道して、何がなんでもミッドウェー海戦、国民を無駄に犠牲にする行為だ,7,4
481,英メディア「東京オリンピック、全世界にリスク…中止すべき」に日本イライラ＝韓国報道(WoW!Korea),0,0
482,母から大量の記念硬貨をもらった、天皇陛下在位記念とかエキスポとか長野オリンピックとか、100円から5000円まで、あと1万の銀貨とか。とりあえずコイン収納アルバムでも用意しょうかと思う。,0,0
483,「菅さんは石に齧りついてでもオリンピックをやると思ってる」頭がおかしいだろ。普通に考えて。,1,0
484,国際オリンピック委員会の総会で滝川クリステルが「お・も・て・な・し」と発言したことから、この言葉が世界に広まり、流行語大賞にも選ばれました。「お・な・き・ん」もいずれ流行語大賞に選ばれるのではないでしょうか。,1,0
485,☆＃オリンピックを中止させるまで毎日拡散☆,2,1
486,,0,0
487,みんなからの匿名質問を募集中！こんな質問に答えてるよ●今一番欲しいものは何？…●東京オリンピックのチケット申込…,0,0
488,みんなからの匿名質問を募集中！こんな質問に答えてるよ●うほうほ…●(厂˙ω˙)厂うぇーい…●東京オリンピックのチケット申込…●匿名性だし、言わしてもらいます…,0,0
489,みんなからの匿名質問を募集中！こんな質問に答えてるよ●現在の練習の場所と時間帯はどん…●今一番欲しいものは何？…●東京オリンピックのチケット申込…●京大ですが薬じゃないと入れませ…,0,0
490,みんなからの匿名質問を募集中！こんな質問に答えてるよ●東京オリンピックのチケット申込…●今まででボトルで買ったウイスキ…●世界からピートが無くなったどう…●父の日にウィスキーをあげようと…,0,0
491,みんなからの匿名質問を募集中！こんな質問に答えてるよ●今一番欲しいものは何？…●信仰いくつですか…●東京オリンピックのチケット申込…,0,0
492,丸の内駅舎で去年撮影した写真オリンピックはどうなるんだろう,0,0
493,毎日、世界で何万人も尊い命が失われているのに、まだオリンピック開催しようとしてる日本ってどういう国なんだ？,0,0
494,,1,0
495,みんなからの匿名質問を募集中！こんな質問に答えてるよ●オリンピック見に行けるとしたら…●今までで1番変なあだ名は？…●橋と、箸と、端、どれが好きです…●あと5分以内に何か買ってこいっ…,0,0
496,これに5人が参加するかしないかでオリンピックやるかやらないか決まると思うよ。2017年の「2020が楽しみ」な時期にスタートラインに立ったアプリだし。だから私はこの先オリンピックの行方動かせる範囲から外れて5人に委ねた。,0,0
497,「放射能安心神話プロパガンダに道筋をつけまちた～～」五輪中止。安倍晋三の嘘八百オリンピックインタビューが酷い。復興に役に立たないという声が7割近くあるのに、安倍晋三は胸を張って復興五輪と言う...,2,2
498,バカだと思う!!こんな情況で、夏も冬もオリンピックなどやるべきでわ無いでしょ！！😡⚡東京五輪は開催できる！中止論過熱で見失いがちなアスリートの明日(清義明)-オピニオンサイトiRONNA,0,0
499,サーフィン【オリンピック会場】一宮町のおすすめカフェ♡,5,2
500,,0,0
501,緊急事態宣言を延長したのはたぶん何としてもオリンピックを開催したいからなんだろうね…これで7日で解除してリバウンドでも起ころうもんなら開催への道が閉ざされかねないし。,0,0
502,"onlyforMatsumotoToshio'scompletionists:オリンピックを運ぶ(1964),adocumentaryaboutthelogisticsandthebehindthesceneofthe1964Olympics,howthings(boats,yachts,trafficcones,filmreels,etc.)andanimals(horses,pigeons)weretransportedfromandtoTokyo/1",5,4
503,の方が有名ですね(笑)冬季オリンピックが来たとこです。,0,0
504,🎤本家5thライブリベンジ8月7日(土)、8日(日)どこか🎤ステバトルオブプライド8月14日(土)、15(日)大阪8月24日(火)、25(水)横浜今年の夏が暑すぎるこれは俺たちのオリンピックだ,0,0
505,百合子❗オリンピックなんていいから❗,0,0
506,雪玉転がしはもうオリンピック種目にしてもいいんじゃない,0,2
507,何かのCMで、聞いたことある曲…て思ったら、トゥーランドットだったので、うのさんのオリンピックのトゥーランドット見た(報告)。女声ボーカルだったからすぐわからなかったんだよね。,3,0
508,年配の方の話を聞いたら、前回の東京オリンピックの時に初めて家にテレビがきて、家族みんな大喜びで応援したと言っていた、まさに戦後日本の復興の象徴。アスリートには悪いけど、コロナ真っ只中で、8割の国民が反対している利権まみれの2020東京オリンピックには同じような夢や希望は見いだせない。,2,0
509,この曲の東京はオリンピックやらなそうだなw,1,0
510,,0,0
511,萩野公介が五輪選考会エントリー種目明かす２００、４００ｍ個人メドレーなど/スポーツ/デイリースポーツonline,3,1
512,,0,0
513,,0,0
514,,0,0
515,去年の新年のお笑い番組「新年のご挨拶します。おめで東京オリンピック🤗🤗」今、東京オリンピックをいじれるのは爆笑問題かナイツかウーマンラッシュアワーしかいないね爆笑問題田中さん良くなったかな,0,0
516,,0,0
517,バス絵のバブリースナック助けるよりこっち先にしろ復興してねーよ復興オリンピック？まだ緊急事態宣言してるじゃねーかよ,5,0
518,,0,0
519,平和を願い、努力を重ねて来たアスリートの心をを踏みにじる、オリンピック史上最悪の評価五輪になり、世界から、五輪不用の声が出て来るだろう❗️,0,0
520,東京オリンピックは開催しなくても良いけど、アスリートの75%が五輪期間中にセックスしてるらしいから夜の祭典は開いて欲しい,2,0
521,肝心の会長がリモート出席だったけどね。,0,0
522,この時期といえばオリンピックか〜会場取れるとこ限られてたのかな？,0,0
523,ウマ娘のいる世界、オリンピックは当然オリンピック、パラリンピック、ウマリンピックの三部門に別れているんだろうなー,2,7
524,利権の塊、群がる者に我々の税金が使われる、。沖縄だけの問題にしないよう、地元2紙赤旗に負けないスクープをよろしくお願いいたします。,1,0
525,柴田オリンピックってまだ？,0,0
526,,0,0
527,はっ、8月もうオリンピックおわってる？？？15なら大丈夫だよね？？？,0,0
528,みんなからの匿名質問を募集中！こんな質問に答えてるよ●コロナいつ終わるの？…●ahamoにする？…●年末ラジオはありますか？…●オリンピック中止かな(´･ω･…,0,0
529,いよいよ出てきましたねどんなに望んでも参加者がいなければオリンピック開催は望めませんいつまで国民を騙せるかなひろゆき氏フランスでは２４年パリ五輪を危ぶむ声…東京でできると誰も思ってない,3,0
530,オリンピックラジオも残すところあと2回！リスナーから届いた大型お便りに答えていく！今週で毎週更新は終了です。最終回は4月中を予定しております。今まで聞いてくださった方、メールをくださった方、本当にありがとうございました。,0,0
531,オリンピックについては、建設大臣のときにやるべきことはやった。あとは文部大臣の管轄ではないのか?,0,0
532,権威主義に反発するプロ野球選手が正力松太郎賞を拒否したりなんてことないでしょうなあ。東京オリンピックだったかな。黒人差別に抗議する選手が表彰台で拳を上げていた。日本人選手も...補助金や助成金貰ってるだろうから無理か？😓,4,2
533,全くもってその通りだよね。オリンピックは一部の人しか出ないし観ないけど制限と差別だらけの生活は全員が押しつけられてる。オリンピックやるなら国民の制限だらけの生活をなくしてからにしてほしい。,5,2
534,でも8月はオリンピックがあったらオリンピックのチケ代で金無い可能性あるわチケキャンセルした人のも出回るだろうと踏んでるからもっとバスケ観に行きたい！,0,0
535,,0,0
536,,0,0
537,もしも東京オリンピック会長が黒柳徹子だったら【声真似】,0,0
538,みんなからの匿名質問を募集中！こんな質問に答えてるよ●何部でした？…●オリンピック楽しみなんですけど…●どんな質問がうれしいですか？…●どうしようもなく辛い時ってある…,0,0
539,オリンピック、本当にやるつもりなのかどうか？という感じなのですが、やるとしても、まずオリンピックに使うのと同じくらい、生活に困っている人にも補償してくれないと、社会の状態は悪くなる一方ではないかと心配しています。,1,0
540,それにしてもオリンピック(仮)期間にぶつけてくるとはなかなか…,1,0
541,ヒプステライブ東京でないのってやっぱりオリンピックあるから？？,0,0
542,コルナゴマスターオリンピックオリンピック記念モデル店にあったサンツアー、シマノ、カンパニョーロのデッドストックの部品をかき集めたせいで色々混ざって組んでるカオスな状態www,0,0
543,１兆円単位のオリンピック余剰金が,0,0
544,私的には東京オリンピックを開催して欲しいし、生で、とは行かないまでもやっぱり観たいので。,0,0
545,問題視するなら種馬並みに強い遺伝子🧬掛け合わせて強い選手を産ませようとするために男女の選手にコンドーム配ったりするほうがまずいだろ種馬扱いだぞ男女をずっと分けて隔離しつつオリンピックやるようにしろ、女を守れとIOCに楯突かないのかね,0,0
546,場所片寄っているしオリンピック挟むから‥調整して追加も有り得るのかな？動悸が止まらない🤪,1,0
547,オリンピックまで半年開催懸念する見方が選手たちに影響も|NHKニュース,0,0
548,みんなからの匿名質問を募集中！こんな質問に答えてるよ●オリンピック楽しみなんですけど…●財布はどこのブランド？…●いままでで一番恥ずかしかったこ…●自慢話と愚痴話、聞くなら自慢話…,0,0
549,みんなからの匿名質問を募集中！こんな質問に答えてるよ●好きなアプリは何？一日中触って…●気になってるフォロワーさんは！…●日本のどこに住んでるかアバウト…●東京オリンピック出るならなんの…,0,0
550,,2,0
551,小池知事の延長したい動機って世論なのか業界団体なのかオリンピックなのか。,0,0
552,【悲報】東京オリンピック、海外の客は出禁-キニ速,0,0
553,今の大田区で唯一不満と言えば、自分は元の姓を使っているのに、夫婦別姓には反対おばさんのポスターが至る所に貼ってあることかな🤔オリンピック大失敗して辞めればいいのに,3,0
554,,0,0
555,オリンピックもワクチン強制になるよ。,1,0
556,リモート鑑賞会？？すごーっ(*≧∀≦*),1,0
557,絶滅しないことでしょうかね(´ー`)あとは、画家とかオリンピック選手でしたねー,0,0
558,WewishyouasuccessfulhostingoftheTokyoOlympics.東京オリンピック開催の成功を願っています,2,2
559,オリンピックとかあるかわからんけど,0,0
560,オリンピックやるのに8月なの本当なに？オリンピックやらないと思ってる？,1,0
561,あーそうだったオリンピック,0,0
562,静岡にチーム出来るかな🤔,0,0
563,,1,1
564,お父さんがお前東京オリンピックについてどう思う？？って言い出してずっとフグ食べながら政治の話してたけどお父さんお酒めっちゃ飲んでて永遠政治の話しててはよ終われって思っちゃったわ,4,0
565,国のメンツ・・・オリンピック開催も関係してるでしょう。私はこれが一番の理由だと思っています。承服はしてませんがね。打つか打たないかは、個人の自由意思でいいと思います。,1,0
566,みんなからの匿名質問を募集中！こんな質問に答えてるよ●1日に何回洗顔してる？…●ベイビーの名前は決まった？…●旗竿はなにを使ってるんですか…●来年オリンピックできるかな？…,0,0
567,ブラジルも国民はオリンピック反対していた。日本同様政府が乗っ取られてるよね。,0,0
568,オリンピックは無観客でも開催できるけどコミケは難しそう,4,1
569,【動画】「廃止だ廃止」「地獄に落ちろオリンピック！」JOC前で東京五輪中止を求めるデモ警察官50人出動で騒然,0,0
570,このところ、野良猫を以前よりも異常なほど多く見かける。いま起きてるのは医療崩壊じゃない！日本人としてモラルが崩壊してる！それも政府主導でだ！オリンピックが無かったら、もっとまともな政治してただろ。,0,0
571,オリンピック…,0,0
572,（何の種目かは知らん🤪）,1,0
573,菅直人首相（当時）は、３．１１後の東日本大震災復興構想会議で、提言案に「東日本を中心とした国際競技大会は復興のシンボルになる」と盛り込み、石原都知事が表明している2020年の夏季オリンピックの招致を国として積極的に支援する事を打ち出すべきではありませんでした。肝心な時に役に立たない。,1,1
574,私たちはオリンピックまでに予防接種できるのかなぁ？(*‘ω‘*),0,0
575,Ｑ．次にオリンピックが開催される場所はどこ？１．北京２．パリ３．東京Ａ．３招待コード【09438766】を入力して復活カードを手に入れてクイズに参加しましょう！,0,0
576,オリンピック前に不思議と終わるんじゃない？どんな手を使っても😱「終わらないんじゃ…」緊急事態延長“2週間”に冷めた声「変異」拡大懸念も（日本テレビ系（NNN））,0,0
577,何故プロ野球は緊急事態宣言が出てる地域の人たちがスタジアム観戦できているんですか。オリンピックに対してプロ野球とJリーグを基準に考えるって言うならばルールは統一するべきじゃないですか？,1,0
578,オリンピック中止になったらどうなる？の解説とかあるといいな。IOCや国や東京都が（オリンピック事業の）赤字になるのはわかるが、その額とか、それによる影響とか。中止が国民の総意なら、それを非難する事自体やめた方が良いんだろうけど、少数派はうるさく言うんだろうなぁ。,0,0
579,オリンピックできるならライブできるし声も出せるよね！？約束だぞヒプステライブ絶対行く！！！！,2,0
580,宵山やらないのにオリンピックするのおかしくない？みたいな気持ちになってきちゃった。,3,0
581,ﾊﾟﾊﾟﾊﾟﾊﾟﾊﾟﾊﾟﾊﾟパーフェクト収束オリンピック開いて世界に勝利宣言しろ,0,0
582,オリンピック去年の予定で我慢してたのが爆発しそうやね。今年もかよって。しかもコロナ完全解決も年末になるかもしれんし。,0,0
583,俺達のオリンピック、舞台ヒプノシスマイクになっちゃった,0,0
584,長野県道31号長野大町線（ながのおおまちせん）路線延長：37.2km起点：長野市中御所町終点：大町市字大町長野市と大町市を結ぶ主要地方道。起点から長野市笹平の笹平トンネル東交差点までは国道19号との重用。「オリンピック道路」と呼ばれている。,0,0
585,おいおいおい、始まるなぁ〜、｢スミレ16歳！｣今回はBSかー、また見れないなぁーなんてボケっと思ってた。…見れる！見れますがな！なんならウチで薄型テレビ買ってからオリンピック以外初めて見るぞ！(も日記,0,0
586,五輪中止。安倍晋三の嘘八百オリンピックインタビューが酷い。復興に役に立たないという声が7割近くあるのに、安倍晋三は胸を張って復興五輪と言う...,0,0
587,東京2021.3月７日,5,0
588,相次ぐ芸能人の聖火ランナー辞退もありコロナ禍の東京五輪・パラリンピック開催に否定的な空気が日本中で漂っているが、今回中止になれば、次に日本で開催した時に生きている今の日本人が果たして何人いるだろうか？そう考えた時、このオリンピックの重みは相当なものに思えてしまう。,0,0
589,おもてなしでオリンピックを呼び込んだ国が、何でもかんでも買い物袋を有料にするなんて。オリンピックを通常通り開催したとして海外からの買い物客がレジ袋や有料袋をノーサンキューして商品手持ちでウロウロしたら紛らわしくて大変だね。,0,0
590,LINEのオリンピック着せ替えも期限が切れたということでオリンピックはおしまいで良いのではないかと。,1,0
591,名取さなさんよ、こんな感情破壊イベントを年1なんて耐えられない4年に1度、オリンピック感覚でやらないか？,14,0
592,"""平成26年7月からは警察を管理する山口県公安委員会の委員を現在まで3期務めているほか、東京オリンピック・パラリンピック組織委員会の顧問も務めています。""",0,0
593,国民にはごめんね、今は外出ないで(お願い)って国民からしたら納得いかんし、議員が豪遊してんのに、国民には我慢ってのもな。人を律する前に己を律せよ,1,0
594,オリンピック開催云々の話じゃないですよ！ここまで掻き回してどう責任をとるのですか？私達の納税をボイコットした心境です。起こらない国民は何を考えているのですか？,1,0
595,中国ではオリンピック開催するだろう。なぜなら言論弾圧してるからだ。それぐらい国が強い方がいいのかも知れぬ。,0,0
596,２０２０年東京オリンピックの時にはみんなやってるんだろうな～☆,0,0
597,実はオリンピック中止は既に決定していて、それを発表しないのはやるやる詐欺で利権が生まれ、得する人がいるからではないかなあとか疑っていたりする,0,0
598,ブラジル、コロナ酷いですね。そういや、オリンピック中止のデモもありました。仮に開催されても、観客、ボランティアも、東京近郊に限られそうですね。私、強行して行ったら、帰宅後2週間自宅待機になりそうな……代表選考も終わってない競技もあるし、タイミング悪かったみたいです……,4,0
599,,1,0
600,東京入れないのオリンピックだからか,0,0
601,,0,0
602,開催したって、どってことない。だって、ほとんどの人はTVでオリンピック見てんだから。感染も、クソもない。帰って福島だの千葉だの他県に広げず東京だけでやった方が良いのでは。,0,0
603,オリンピックで日本がスキージャンプで連勝してるといきなりルール変更されて勝てなくなる。どう考えても身長のある白人有利にルールが変わる。構図がアレと同じなんだよ。トヨタのHVが優れているのは同意なんだけど、良いものが勝てるわけでは無い。もっと薄汚い何かが働く,0,0
604,,0,0
605,,1,0
606,オリンピックで東京の会場押さえられなかったのかな？横浜遠いよー,0,0
607,英メディア「東京オリンピック、全世界にリスク…中止すべき」に日本イライラ＝韓国報道(WoW!Korea),0,0
608,昔から言われてたのが、オリンピック開催に合わせて、📺は進化してます🙄,1,0
609,,1,0
610,オリンピックのボランティアもやってこい,0,0
611,"此の小池都知事批判発言は、自民党からの台本でしょう。石原良純「都知事は初心に返れ」（こしゃくな兄弟其の２）利権オリンピック強引誘致者,.,恫喝、傲慢親父オリンピック前に小池百合子降ろし作戦次は元気の押し売り松岡修造何故か↑藤田ニコル推薦",1,0
612,市川崑の映画『東京オリンピック』を見て思う。今度の東京五輪も映画にしたらどうだろうか、と。競技より、開催（あるいは開催せず）までの道のりが結構面白くなりそうなのだが。,0,0
613,国民全員がオリンピックを望んでると思うなよ(´・ω・`)？コンパクト五輪とかヌかしやがったの誰だ？開催費用が雪だるま式に膨らみ、当初の予定（？）より大赤字やんけ(´・ω・`)コロナで五輪観光による収益も見込めない五輪延期で泣きっ面に蜂、始まる前から終わっ㍑,4,0
614,岩渕さん？の「オリンピックはスポーツマンシップを誰でも見たいんですよ」って記事を拝読したけど。それは、そのお気持ちはわかりますよ。この感染症がなければね。,0,0
615,,0,0
616,誕生日なんもない！！と思ったけどそういやオリンピックだわそりゃむりだわｗｗｗ,0,0
617,人は人生の途上で人と出会う。共に生きていこうとすることがある。どう生きるか、どういう関係を持つのか、人それぞれ人格にかかわる選択。でも世界にはそれを認める国と認めない国がある。オモテナシを強調してオリンピックを承知しておきながら人と人を差別する日本の法律、いますぐに変えよう！！,13,3
618,「東京オリンピックみたいな」ってセリフを言ってたでしょうね。中川が説明するパターンでしょうけど。,1,0
619,,1,0
620,スロダメ、舞台がオリンピック大失敗して、巨大カジノ作って貧富の差が激しくなって…って感じの東京で笑ってしまった。本当にそうなりそう,0,0
621,日本もオリンピックやGOTOの予算でラクラクできたよね。ドイツ政府、脱原発補償で電力4社に3100億円|毎日新聞,0,0
622,スマホ投げでオリンピック目指そうかな,0,0
623,東京オリンピック野球イスラエル代表は初の出場権獲得で張り切っているから、オリンピックでゲームをやりたいやろね。,0,0
624,輪郭も鼻もピンポン玉。･,12,0
625,"正の整数nであって,その正の約数全ての積がn^3であるようなものを全て求めよ.(2011スイス数学オリンピック)",1,0
626,【今天中国】2022年北京冬季オリンピックのカウントダウン,0,0
627,おもしろい。ただ何度も言ってるけど、クルマの規格を決められるのは欧州だけなんだよ。それは昔から微動だにしない。トヨタやホンダや日産が束になってかかっても変えられない。クルマのルールを作るのは白人だけ。オリンピックで白人が勝てるようにルール変更するのと同じ,1,0
628,自民党オリンピックは差別セクハラ不平等デマ嘘中抜き汚職金ヤジ癒着忖度利権既得権弾圧無視圧力論点のすり替えを競技にすれば楽しいだろう。近く会場ではたばこや酒をやりたい放題で暴力ふられても知らんぷりするオリンピック。,2,0
629,みんなからの匿名質問を募集中！こんな質問に答えてるよ●質問箱へようこそ！まずは質…●2020年の抱負をおしえてくだ…●松本零士お気に入り3作品を教え…●東京オリンピック開催は賛成？反…,0,0
630,震災の振り返り特番が、この週末に多いですよね📝10年の節目の年ですからね。また、福島県人は、オリンピックや聖火リレーについて、どのように思っているのだろうか🤔,0,0
631,スノボの平野歩夢が普通にボードで夏のオリンピック目指してたの、こんなに滑り方に違いあると思うと漫画みたいな現実の天才だな……,3,0
632,オリンピックは絶対に中止にしない方が良い。中止にしたら大馬鹿マスゴミの、皆さんがこれだけの予算使った責任は誰？国民に負担？とか騒ぎ出す。そっちよりオリンピック大丈夫？のが優しい。,0,0
633,オリンピック中止とかの話になると選手が可哀想とか情緒の話になるのが違和感あります。,1,0
634,,1,0
635,オリンピックまであと4ヶ月きってるのか,1,0
636,ブラジルになりそう,1,0
637,,0,0
638,楽観砕いた,0,0
639,それでもオリンピックやるんだから、全く脅威じゃないよね？やるのなら、ね。,1,0
640,昨日忍ミュ感謝祭行ったとき会場のすぐそばでオリンピック中止デモやっててうるさかったし不快だった。せっかくの楽しい日だったのに。,0,0
641,全日本私立幼稚園連合会数億円使途不明前会長が通帳偽造関与|NHKニュース東京オリンピック・パラリンピック組織委員会の顧問,1,1
642,,0,0
643,「オリンピック・パラリンピック」理事増員。その費用内訳の説明がない。理事１２人増えたので、費用負担増。となるはず。橋本聖子は、何故説明しないのか？理事を同人員でも良いのではないか？意味不明。流石「元自民党」。意味不明。,0,0
644,オリンピックに親でも殺されたんか(´・ω・`)？ｗｗｗ,0,0
645,全然オリンピックは観客ありでできると思うが、国民のマインドが中止にしてくれないか、選手には可哀想だけどという気持ちにらなりつつあるのが、つらい。,0,0
646,オリンピック&amp;パラリンピックを控え忙しい毎日ですがご健康･ご多幸を祈念します｡,1,0
647,ガンガン言っていこう～。東京オリンピック中止を。,0,0
648,この辺りのツイッターを見ていると、各種オリンピックの代表、全統中全統高決勝や小学生の頃から複素数平面を解いたりする方、マーク模試満点、偏差値100↑、もしくは全国1位など華々しくて自分に自信がなくなってきます,9,0
649,オリンピック需要あるかもですね🤩✨,1,0
650,令和３年3月7日（日）【第2回日大大集合】「懐しの東京オリンピック志んー「長屋の花見」李桜「箱根駅伝噂の真相」桜の輔「鰹の強請り」紅吉「道灌」百圓「二番煎じ」無生「初天神」百笑「名工浜野矩随」はま松「反対俥」参遊亭遊若「一文笛」月見亭団吾下座こまり,0,0
651,日本は感染者は一時減りましたが今後どうなるのでしょう…オリンピックもありますよね…🤭,1,0
652,,0,0
653,,3,0
654,みんなからの匿名質問を募集中！こんな質問に答えてるよ●東京大賞典も終わりましたね競…●バニー及川選手の魅力を６文字で…●もしとうきオリンピックの種目に…●スーパースター王座決定戦も無事…,0,0
655,なぜ日本でこれができないのか…ひとえに政府にやる気がないんだよね。でもオリンピックはやりたい。アホか。,1,0
656,英メディア「東京オリンピック、全世界にリスク…中止すべき」に日本イライラ＝韓国報道(WoW!Korea)開催強行は狂気の沙汰,0,0
657,2021.03.06中止一択！東京五輪そしてオリンピック廃止へ！JOC前アクション＆デモ,0,1
658,某んぱるさんとも話が混乱すること混乱すること🤣オリンピック関係で大阪に流れてきてるだけかもですね🤔,1,0
659,五輪中止。安倍晋三の嘘八百オリンピックインタビューが酷い。復興に役に立たないという声が7割近くあるのに、安倍晋三は胸を張って復興五輪と言う...,0,0
660,8/11って今年平日になるのかな？オリンピックでズレるんだっけ？,0,0
661,100日後に死ぬワニがプロモーションの地雷原を走り抜けていくさまを誰も止めることができないまま映画が爆死するのを待つこの期間、オリンピックに向けた気持ちのそれにかなり近い,13,0
662,絶対に許してはいけない…オリンピックなどボイコットするべき…ウイグル、モンゴル‥中国に弾圧された女性たちが抗議活動,1,0
663,,1,0
664,日本人はお人好し。こんだけオリンピック準備に金使って、中止にしたら？だと？開催するので何がなんでも選手送れ！と言えないか？なぜなら何兆も準備に金使ってるからだ。,0,0
665,てりやきチキンフィレオセット(クーポン)590円-マクドナルド墨田文化オリンピック店ビックマックLLセット690円がここの店舗ではオーダー出来なくて残念！オーダーで並んでる人を飛ばして受け取れるのは良いよ。超P祭は不参加みたいです。,2,1
666,3/7北京オリンピックをボイコットせよ！総理大臣官邸前抗議街宣『自由アジア連帯東京会議🇯🇵』撮影中井ケイノスケ,0,0
667,オリンピックに無駄な経費をかけるなら、新型コロナで苦しんでいる方々や、頑張ってくれている医療従事者に支援してほしい❗️,1,1
668,ホラーはこんなだけどマリオとかはめちゃ上手い。あと足てプレイするシリーズもいい。足マリオリンピック……。,0,0
669,コロナ禍でどーにかしてでもオリンピックやろうとしてるのもおかしな話,0,0
670,だから、まぁ大体5歳ですねw,0,0
671,,1,0
672,,1,0
673,今年イベントするなら、オリンピック前までにやらないと。（後だと、またコロナ流行そーで怖いんだよな😅,0,0
674,,0,0
675,自分が試算した内容だと営利95億とかになっちゃって、やっぱりどこか違うんですかね(汗)下期の広告宣伝費は1、2Qの半分程度と仮定してます。オリンピック次第で下期の広告予算は変わってきますよね,0,0
676,JOCの前でオリンピック辞めろデモしたアホがいるらしい。無駄な行為だしコロナのことを気にするなら集まるな。金がないならそんなことしてないで働けばwww,0,0
677,,0,0
678,オリンピック&amp;パラリンピックを迎えます。厳冬の毎日ですが､ご健康･ご健勝を祈ります｡フォロー中｡宜しくお願いします。,0,0
679,オリンピックは廃止だ廃止！,0,0
680,オリンピックやるならやるで「オリンピック前にもうひとふんばり自粛！（緊急事態とは言ってない）」が絶対くるから生活様式は戻らないよ,5,1
681,----【森田浩之さんのコメント】ついに外国からの観客を入れずにオリンピックを開こうという話になった。それは果たして「オリンピック」なのか。８割の国民が反対するなか、こん...,1,1
682,ありがとうございます！これも視野にいれておかなくちゃ。来年８月のリベンジしたいよ。,0,0
683,マンモスマン、マンモスマン！この戦いにおまえが勝ったらそのカピラリアの欠片をかけて再び超人オリンピックで戦おうじゃないか！,60,24
684,,3,1
685,私たちは感染対策のためでもなく、オリンピックのためではなく、自分のために生きています。,4,0
686,そっかアスリート達がオリンピックに顔真っ赤になるのは、国際色豊かなセクロスする為か海外客受け入れ見送るらしいけど、選手にはコンドーさん配布して、濃厚接触(意味深)推奨するのかよwオリンピックなんてもう存在自体いらねぇよスポーツの祭典?一体何のスポーツ()に熱心なんですかね?(笑),0,0
687,いやでもコロナのせいでオリンピック中止にならなかったら今年は例年通りの時期に例大祭も夏コミもやれてたわけなのでやっぱりコロナが悪いんかなー,0,0
688,オリンピック？と書かれているのが気になりますね〜店名なのでしょうか。これは他の年代も調べたくなります！,0,0
689,オリンピック&amp;パラリンピックｙｅａｒの２０２１年、慌ただしい毎日ですがご健康･ご多幸を祈ります｡宜しくお願いします｡,0,0
690,みんなからの匿名質問を募集中！こんな質問に答えてるよ●今一番欲しいものは何？…●東京オリンピックのチケット申込…●推してる人の好きなとこは？…,0,0
691,みんなからの匿名質問を募集中！こんな質問に答えてるよ●今一番欲しいものは何？…●東京オリンピックのチケット申込…●何県に住んでますか？…,0,0
692,みんなからの匿名質問を募集中！こんな質問に答えてるよ●アマジャーナルはなりすましって…●猫じゃらしとマタタビ、どちらが…●東京オリンピックのチケット申込…●食事のとき床に座って膝を前に伸…,0,0
693,みんなからの匿名質問を募集中！こんな質問に答えてるよ●UNITEには紹介がないと入れ…●ホアカリやヤマクイは☆99です…●十傑とったことありますか？…●東京オリンピックのチケット申込…,0,0
694,みんなからの匿名質問を募集中！こんな質問に答えてるよ●今一番欲しいものは何？…●東京オリンピックのチケット申込…,0,0
695,コロナ対策で海外客を受け入れないと決めた東京五輪、選手にはコンドームを16万個配布する予定で批判殺到ｗｗｗｗ:はちま起稿アスリート達には悪いがオリンピックはやる必要ないと思ってるなにが平和の祭典だあほらしい,0,0
696,東京の人出１月発出直後より全地点で増加どんだけやっても終わらないよ！いっそのこと、鎖国はどう！🤔オリンピックは無観客で報道陣も入国規制しないとね！,0,0
697,鬼滅の刃で日本はオリンピックがなくなったけどやっていけてる,1,0
698,東京オリンピック、大阪万博、訪日外国人をおもてなしするには留学でHospitality分野の強化が使えるはず！→,0,0
699,,1,0
700,感染対策も「オリンピックありき」としか思えないです。政府は否定してますが、「2週間延長」も聖火ランナーを中止したくないためでしょう。海外の選手はずっとロックダウンしていて、選考大会どころではないのでは？,1,0
701,みんなからの匿名質問を募集中！こんな質問に答えてるよ●オリンピック強化選手って本当で…●彼女の写真見せてくれ…,0,0
702,オリンピック中止論者たちは、大きなマンション。デパート、ショッピングセンターが田舎に立てようとする時に景観をそこねるで反対！と言ってる田舎人に見える。そういう人に限り、できるとすぐ買いに行く。、何事もなかったように。そんなもんだよ反対派は,0,0
703,オリンピックは見たいしスポーツ好きだから好きだけど、ボランティア云々とかクソすぎるしイベント用の箱やら球場やら使うのどうにかならんかったんかよって思う,0,0
704,夜の羽田空港が静か過ぎて何となくだけどオリンピックも無さそうな気がする。チャオ🙋🛫,0,0
705,オリンピック&amp;パラリンピックを迎えます。厳冬の毎日ですが､ご健康･ご健勝を祈ります｡フォロー中｡宜しくお願いします。,0,0
706,今回の東京オリンピック最終的にやるにしろやらないにしろ、一連の流れを映画化して欲しい。日本にマイケル・ムーア監督がいればなー。,0,0
707,オリンピック聖火リレーは福島から。感染者実効再生産数は2.63。日本お得意の調べないで乗り切る構え。また嘘と隠ぺいと言う手法はガースが進めている。リレー３県目の群馬も実効再生産数は1.47。群馬だけでなく、栃木や茨城を含む北関東では最近、感染者数が増えている。,1,1
708,,0,0
709,みんなからの匿名質問を募集中！こんな質問に答えてるよ●今一番欲しいものは何？…●実家or一人暮らし？…●東京オリンピック観戦しますか？…●海外旅行したことある？…,0,0
710,,0,0
711,オリンピックあるとしたらあの日程で関東は移動できない…,0,0
712,色んなところを跳んだり回ったり、もうほんとうに臨場感がすごかったです！オリンピック競技になるのが楽しみですね！,0,0
713,,1,0
714,倫子「明日どうにか生きていくために今日の私達は目先のことだけ考える」タラ「倫子さんっタラそんなことやってタラ…あっという間に来るタラよ。東京オリンピックがやって来るタラ！」レバ「ワーイワーイ２０２０年おめでとレバ～！！！」,0,0
715,海警法「国際法に合致」対日関係重視、対話解決訴え―中国・王毅外相話が都合良すぎです、信用してはならない、思った通りオリンピックに引っ掛けて来ましたね、,0,0
716,正直、今年開催しないなら、去年無観客試合で開催しときゃいい。今のオリンピック中止論者たちは、家におれば生きていけると思っている。どこに食べ物があるんだよ。だれが持ってきてくれるんだ？働いている農家、配達屋がいるからだろ？,0,0
717,東京オリンピックをコロナがきちんと収束しないまま開催し、海外からの観客は入れず、選手たちは選手村と会場以外外出できない、なんて事だったら結局のところ選手村以外なんのおもてなしもないし、期待していたインバウンド等ない訳で開催してもしなくても被害は大きい。多分選手達を守る分コスト増加,0,0
718,ことなこのデュエダン見てオリンピックって言ってる方がいて純粋に笑った🤣,2,0
719,とりあえずコロナは4ヶ月周期でピークを迎えるので、オリンピックを開催するなら、GWまで宣言でっぱなしかも？,0,0
720,ぞえおじさんは失礼だ益々盛んな増すオジサンがいいという周りの反応シナリオはオリンピックに合わせている,0,0
721,確か、6年前と言えば、ISとオリンピック、マイナンバー、私事で言うと、尿管結石がきっかけでジョギングを始めて間もない頃、冷蔵庫の奥にひっそりと佇む練乳を見て、思い出す過去にちょっぴりセンチな気分になったのでした。,4,0
722,ヤギ散歩してるときのう今日と声が掛かりました。楽しいです。飼ってみたい人歓迎します。宝満川除草しながらヤギ散歩―成田敏文,0,0
723,こんな女性蔑視でイメージが悪化した東京オリンピックでランナーとして走ったら『自分は女性差別主義者です！』って宣言しながら走ってる様なものなんだよね。元々の自民党や天皇制支持者なら自身の女性差別主義の思想信条に合っていて良いと思うけどね。,0,0
724,あれから10年……こういう映像こそ復興の印。無駄なお金使ってオリンピックなんて必要ない。自然の治癒こそ最大のメッセージ。,0,0
725,剛力彩芽さんの新曲「Co-summerランチ」が、“2020東京オリンピック”のテーマ曲に。この曲は10月2日に配信シングルとしてリリースすることが決定。同曲のミュージックビデオ(90sec）には多部未華子さん等の出演はない模様,0,0
726,【動画】「廃止だ廃止」「地獄に落ちろオリンピック！」JOC前で東京五輪中止を求めるデモ警察官50人出動で騒然,1,0
727,これに関しては諸悪の根源はコロナじゃなくて誰が得するかわからんオリンピックなんだよなぁ…,0,0
728,オリンピックの開催都市が東京に決まりましたが、ここで一度外国の反応を見てみましょうｲｹﾅｲ対応〜〜wwwwﾅｰﾅｰﾅｰﾅﾅﾅｰﾅﾅｰwwwwwwwwﾅｰﾅｰﾅｰﾅﾅﾅｰﾅﾅｰwwwwwww,0,0
729,中止オリンピックでは、巣篭もりでは、いつか死をむかえる。コロナに感染する前に。出ていかないといけない。活動しないといけない。対策施しながら。箱根駅伝やった。プロ野球やった。Jリーグやっている。オリンピックもなんとか開催を。,0,0
730,米国、1人15万円の給付金支給するらしいよ、菅さん。自粛要請ばかりじゃ駄目だと思うよ。国民が望まないオリンピックなんかより一律給付金支給を…,0,0
731,オリンピック大好き！,0,0
732,オリンピック中止ですって発表された瞬間テレワークがはじまったり外出自粛や時短営業が激化する未来が見えてる(ていうか去年の今頃それだったわけで)のでもう気持ち悪いのではやいとこ中止って言ってほしい,2,0
733,ジジーアイシンデクレアベコベモリモリニカイモスガモサヨウナラ…オリンピック,0,0
734,東京2020オリンピック・パラリンピックCollection.招致活動時のスローガン「DiscoverTomorrow～未来（あした）をつかもう～」,5,0
735,こんな記事は書いてもオリンピックは即刻中止とはなぜ書かないのですか？毎日さん。,3,3
736,オリンピックの聖火リレーが始まったら芸能人ランナーにインタビューして欲しいわな、何故辞退しなかったのか、森さんの発言を聞いても走ろうと思ったのは？偉いと思うよ、一度決めた事なんだからね、密集とかは政府が考えればいいだけやし、走ろうという気のない奴に偉そうに言って欲しくないわ,0,0
737,国民の命よりオリンピックだもんね。バカバカしい🤬🤬🤬,2,0
738,つばさぶろーのオリンピックの動画で見た気がする…w,3,0
739,百合子、、、でも上手く取り繕うところを想像できえしまう💧しかし百合子はコロナ感染者云々より政府を嘲笑うだとか、オリンピックの為だけに政治しているというよりパフォーマンスしてる感が強くなったね🌀巻き込まれてぴえん。,0,0
740,中国はオリンピックに参加する選手にワクチン提供するぜ、だと。,0,0
741,オリンピック開会式のフィナーレで花火打ち上げるんだと思うけどどの場所から打ち上げるんだろう？,0,0
742,けど生のライブ行きたいですよね。エレファントカシマシのライブできないのに何故オリンピックをやろうとするのだろう？とずっと不思議で納得いきません。矢野顕子さんのライブも行きたいです。コロナの前は札幌にも来てくれていたので。,0,0
743,オリンピックもこうなる！ブラジルで累計感染者数は1079万人、累計死者数は26万人。3日には死者が1910人と過去最多。第2波は落ち着きかけたが、2月のカーニバル後から再び増加傾向。ブラジル感染再拡大で死者最多大統領「泣き言やめろ」,0,0
744,東京オリンピック1964入試ででてこい,0,0
745,,1,0
746,スケボー種類はどう違う？スタイル？オリンピックの種目は？スケボーの形が違うのはなぜ？（藤井アニ）,0,0
747,これからの季節、秋から冬に入る南半球が感染拡大する南北の交通を遮断しない限りコロナ対策は不十分。オリンピックも無理だろうねブラジル感染再拡大で死者最多大統領「泣き言やめろ」,0,0
748,毎月10万くれオリンピックは中止せよ俺らは遊ばせろコロナ対策しっかりしろ,1,1
749,今日もYouTubeアップしました🌟🌟真面目にクイズ大会のはずがパッパラピーな動画になってしまいました。笑リーダーが1番ぶっ飛んでしまってごめんなさい🥺【🔗⬆️お勉強がてら一緒に爆笑しましょう！⚠︎間違えるとRIKOに叩かれます,4,1
750,【作品集亀倉雄策】亀倉雄策の作品集。Nikon、東京オリンピックのポスターや、シェル石油のロゴタイプなど代表作を含め、雑誌アイデアや雑誌デザインの表紙作品も収録。詳細：入荷一覧：,5,0
751,,0,1
752,2021年の東京オリンピック開会式まであと138日0時間29分58秒,0,0
753,政府は去年のコロナしか頭の中にない。変異株に対する備えは全くないと言う感じ。果たして世界で最も遅いワクチン接種の際に、変異型コロナにどれほど効果があるのやら～？その上、世界中から人を集めて、変異を加速し東京オリンピック型コロナで世界をパンデミックにもっていく気なのかしら?はぁ,4,0
754,みんなからの匿名質問を募集中！こんな質問に答えてるよ●東京オリンピック出るならなんの…●好きな歴史の人物は誰ですか？…●お前は俺のものだぜ、、、。…●進学どうゆー系？…,0,0
755,都内の軽を乗りなれないバイトが直ぐバッテリー上げちゃうからいつも一苦労してます泣,0,0
756,『愛のささくれ』はオリンピック開催出来るなら選手村で鬼リピさせないと世界から苦情がくる。,9,0
757,日本って国の対策が後手後手のせいでコロナを風邪扱いにしてしまってる人が増えたからさらにゆるゆるになってる。変異株でバッタバタ死人出たらやっと慌てるんかな？そんなことなったら本気の自粛生活が始まるんだがｗｗそうなったらオリンピックどころじゃないんだけどねｗｗ,0,0
758,オリンピックを開催したいならまず日常を元に戻してください,13,6
759,国民の命、選手の命よりも放映権と一部利権の為に国民が一丸となってオリンピックを成功させましょう日本政府東京都,1,0
760,バンクーバーオリンピック見てたら受験すべったからソチオリンピック見て就活失敗するの避けたい,0,0
761,みんなからの匿名質問を募集中！こんな質問に答えてるよ●オリンピックも増税も元をたどれ…●ｻｸﾗｲさんは男性ですか？女性…●本日TLにお写真が流れてきて初…●お肌のツイートされてたとき、睡…,0,0
762,みんなからの匿名質問を募集中！こんな質問に答えてるよ●さ…●オリンピックみてください…●好きな人いますか…●好きなプレイは？…,0,0
763,みんなからの匿名質問を募集中！こんな質問に答えてるよ●オリンピックも増税も元をたどれ…●金属アレルギーってありますか？…●恋人からのプレゼントお揃いだ…●今好きな人はどんな人？…,0,0
764,五輪組織委・橋本聖子会長「国民に安心感ない限り難しい」五輪“開催ありき”より国民目線―スポニチSponichiAnnexスポーツ森氏が手を引いて、漸くオリンピックの準備が正常化した。菅氏が想定外（？）に無内容な人だったこともいい意味で機能したかな？,0,0
765,コンドーム配布してるのは知ってたけど、そもそもアスリート様笑はなにしにオリンピックしてるん(),0,0
766,冷静に考えて、命云々言って緊急事態宣言施してるくせにオリンピックとかいう運動会について云々言ってることにくそ腹立つ。危機感なさすぎだろ。もはや腹立つからオリンピック中止にしてほしい。,0,0
767,第四波が起きた時、与党は総辞職するくらいの覚悟を持っているのかな？まぁ、総辞職しなくても、選挙はあるんだけどね。。。,0,0
768,オリンピックに絡んだ水泳の戦前の泳法かと思いました😅💦,2,0
769,冬季オリンピックで好きな競技のひとつ,0,0
770,デュエダンはオリンピックだった,0,0
771,持続化給付金でさえ、まともに貰えない人や、下級国民は貧困で命を落とされる方がいるってえのに、『オリンピック、やるんだい』って、この国バカですか？😃,1,1
772,ラルクはどうなんだろ、、今年いっぱいライブとかどうなんだろうできるんかな。なにより地方民だよね移動できるかどうか。。オリンピックなんかよりまずライブ開催してほしい。皆の生きがいなんだよ,0,0
773,日本はオリンピックの事で頭がいっぱいで、国民への給付の事など何も考えてはいないのでしょね。早急にオリンピックは諦めて、全力で国民の不安を解消するべきだと思います。,1,0
774,オリンピックはwithコロナの令和には時代遅れ,0,0
775,こうなると田代さんはオリンピック代表内定と言えるトスワーク、レシーブ、サーブ、ブロックの全体バランスがいい,0,0
776,宮下さんはオリンピック経験があるしびれる場面では経験値は大きな力だだが、理由はわからないが、合流していない田代さん、関さん、籾井さんが合宿に参加している,0,0
777,OFA沖縄県U-10少年サッカー大会（新報児童オリンピック代替大会)予選ラウンド〇日時：2021年3月7日(土)12:45KO〇会場：西原陸上競技場〇対戦相手：与那城FC〇結果：FC琉球U-107(前半1-0/後半6-0)0与那城FC〇得点者：岡田遼×3大宜見悠琉×2辺土名琉夢山城樹希,6,2
778,質問ありがとうございます！オリンピックにはあんまり興味ないんだよな、、コロナさえ無ければ、世界の祭典が日本で！ってとこには興奮するかもどけどいっそ今年からesportの祭典にしちゃえば…続きは質問箱へ,2,0
779,オリンピック利権と国政へのワンチャン狙ってる下衆都知事とパフォーマンス好きで中身が何もないくず県知事の東京都民、神奈川県民不在の茶番劇変異株の追跡も情報公開も不足したままあまりの酷さに反吐が出るね…神奈川宣言巡り小池氏に抗議,0,0
780,,0,0
781,オリンピックを無観客で開催する事で不足するチケット収入はオンラインの有料限定コンテンツで補えばいいんじゃなかろか？メダリストとか出場選手に直接質問できるコーナーや、TVでは放映されない特別アングルでの視聴とか色んなコンテンツ作って全世界に向けて販売したら多少は何とかなるんじゃね？,0,0
782,協力金にかかる支援金の総額は一兆円とか。オリンピック中止となった場合の損失4.5兆円に比べれば安いって雑なばら撒きしてるの？これオリンピックも中止になったら笑うに笑えないね。このツケは誰が払うのかしら？ふざけたばら撒きはご自分達のポケットマネーからだけにしてくださいな。,1,0
783,【FC琉球U-10】OFA沖縄県U-10少年サッカー大会（新報児童オリンピック代替大会)予選ラウンド〇日時：2021年3月6日(土)12:45KO〇会場：県総蹴球場〇対戦相手：安謝SC〇結果：FC琉球U-105(前半3-0/後半2-0)0安謝SC〇得点者：岡田遼×2辺土名琉夢×2オウンゴール,12,2
784,,0,0
785,小池さんは築地の豊洲移転で意固地なババアぶりを遺憾なく発揮したからね今回もたぬきババアに馬鹿されてはいけんよ自分第一だからね次にオリンピックだからね都民の生活や命なんか知ったこっちゃないんだよ本当はでもうまくごまかしてんだよさ~てこれで炎上するかな,1,0
786,考えてみれば電源喪失有り得ないと言って処置をせず福島の大災害を招きそして「福島はアンダーコントロール下にある！」と大嘘つきオリンピック招致しその為にPCR検査せず感染者数隠蔽！今の感染拡大はこの人によるものと断言できる。議員辞職相当です。,5,2
787,,0,0
788,イエスが預言した祝福されない神殿（ユダヤ第三神殿）がついに２０２０年東京都霞ヶ丘（,0,0
789,IOCがやるんです,15,1
790,【暴露全容】黒岩知事が小池知事に「ダメだ!」宣言解除めぐる軋轢明らかに橋下徹氏は「見せ方」に苦言(フジテレビ系（FNN）)アホすぎて呆れしか出ない、オリンピックやりたいために緊急事態宣言続けてるんじゃないの？当初の解除目標は達成してるはずだし,0,0
791,【副音声】「鶴瓶噺2021」が発表になりました。大阪公演は5月です。昨年度は4月に予定されていましたがコロナにより中止に。チラシはオリンピックをモチーフにしたデザインでしたが、幻となってしまいました。今回の鶴瓶噺、オリンピック開催有無で内容も変わりそうですね。【主音声】🔽,2,0
792,もうC99の当落発表なのですね。オリンピックもそうですがコミケの開催もどうなることやら……,0,0
793,ほんとにろくでもない国これだけ待ても聞けずにヘラヘラ人に害を撒き散らしてのうのうと生きてる国民が跋扈していて、よくオリンピックだー集客するぞーとか言えたものだな呼べるわけないだろ恥ずかしくないの？この低知能なサルを我らの自慢の国民ですって見せられるの？嘘でしょ恥ずかしすぎる,0,0
794,東電の復興費用オリンピック費用三重の巨額赤字メディアだんまり,1,0
795,フィギュアスケートTV世界フィギュア選手権2021宇野選手「３枠取るのが日本の為って皆さん言うと思うんですが、僕は来年の自分の為に日本に貢献出来る様に頑張りたい」鍵山選手「オリンピックの金銀上にいるので頼もしい」なんて謙虚なの😭,6,0
796,山口県公安委員会の委員、東京オリンピック・パラリンピック組織委員会の顧問、文部科学大臣の表彰…の元会長。😎,3,2
797,オリンピックは4年延期でダメなんか,0,0
798,そして、ドイツとオーストリアがしてしまった間違えを他の人達のせいにしないでくださいましてありがとうございます。あなたのせいでクラッシック音楽が大嫌いになってしまいました。イギリスで、せっかくワクチンをした人達が日本がオリンピックをする事でその努力が無駄にならないか心配しています,0,0
799,SDGsとオリンピックって、完全に背反する気がしてきた。,0,0
800,オリンピックが開催されてC国とK国のトップが訪日したら空港で「肛門PCR検査」をかましてやりましょう。C国は相互主義ということになるから文句は言えないだろうし、K国は淡々と応じるだろうよ。笑いや、笑っちゃーいけんな、大変な人権侵害が今C国で実施されているのよ。,0,0
801,イラク戦争の辺り(平成15・16年頃)から高止まりして、北京オリンピック前後(2008年8月)には200円/l近くまではね上がりましたね……😭,1,0
802,オリンピックの件、私も同じ意見。絶対やってほしい手越祐也“アイドル”へのこだわり吐露「ユーチューバーに憧れるのも素晴らしいけど…」―スポニチSponichiAnnex芸能,0,0
803,2019年7月23日放送NHK総合「夢食堂の料理人～1964東京オリンピック選手村物語～」SnowMan宮舘涼太くん出演再放送してほしいですよろしくお願いします「夢食堂の料理人～1964東京オリンピック選手村物語,4,5
804,,0,0
805,福原愛氏の不倫騒動は離婚したくてマスコミに撮って欲しい衝動か⁉︎カメラ目線で撮られてるのがその証拠。（株）omusubi起業したけどイメージ悪くて厳しくなる。この時期不倫報道は痛過ぎる。オリンピックの番組解説やバラエティ番組も呼び辛い。将来卓球協会コーチや幹部就任も出来ないか⁉︎,1,0
806,,1,0
807,"本音を言うと大地震は足して18の2021,3,10かNZ地震の6日と6時間後の3,11の朝4時が怪しいのかと思う。引っ掛かるのがオリンピック問題だからこの時期の大地震はもしかしたら必然なのかも…有名イルミカードの複合災害は大地震とOP中止や津波や原子力発電などの複合災害なのかも…今年は舐めたら死ぬで？",2,0
808,,0,0
809,,2,0
810,主人公小5女の子、オリンピックでメダルをとるのが夢。コーチ26歳男性、スケートで夢破れた過去あり。ここまでくれば1人くらい刺さる人いるだろきっと！！！😂笑,0,0
811,そんなこと言わないで〜泣って感じ。でもオリンピックでコストルナヤ見たいから頑張ってほしい。「人生のすべてが間違っていた」コストルナヤ、わずか１年でプルシェンコ陣営離脱へ。条件付きで古巣の“エテリ組”に復帰(THEDIGEST),0,0
812,,2,1
813,まさか、岩﨑名美の今回のデジタル写真集も見られるのは一週間限定なのか(；´Д｀)？落とす前に閲覧期間が過ぎてしまい、同じ物を4回ぐらい買ったことがあるぜ。「オリンピックの様な岩﨑名美」というパワーワード(；´Д｀),0,0
814,みんなからの匿名質問を募集中！こんな質問に答えてるよ●明日のシス単オリンピックの意気…,0,0
815,本当にオリンピックをやりたかった(もう、やらなくていいですけど!)のなら🤔、少なくともワクチンの確保くらい確実にしておくべきだったかと!🤔,13,2
816,,1,0
817,オリンピック無事に開催されることを願いましょう。,1,0
818,五輪中止。安倍晋三の嘘八百オリンピックインタビューが酷い。復興に役に立たないという声が7割近くあるのに、安倍晋三は胸を張って復興五輪と言う...,0,0
819,予防接種が上手く行けばいいんですけどねぇ🤔,0,0
820,首都圏の学校の受験時に、代々木オリンピックセンターに泊まっていた。申し込めば食堂が、試験合間に食べる弁当も作ってくれた。食堂のおじさんが微笑み「がんばってね！」と弁当を渡してくれ、私は志望大に入ったが、それが地獄の一丁目に踏み込んでいたとは、当時の私は知る由もない,0,0
821,東京駅丸の内北口赤レンガが綺麗。東京オリンピックは開催されるのかしら？,3,0
822,このご時世なんだしオリンピックは中止してe-sportsの配信してる邦画よほど人間復興の理念であり、平和への道のだと思う聖火マラソンなんかやめて日本にマイクラのサーバータテテみんなで建築しようぜ,0,0
823,,4,1
824,学生から日常生活を奪っておいて、オリンピックはいりません！,11,4
825,,1,0
826,オリンピックはするべきじゃない！……っていうか、まともなおつむを持った人なら中止一択でしょ！？,0,0
827,オリンピックのチケット代返してほしい,0,0
828,強引に開催するオリンピックに小池都知事がしゃしゃり出てくるのだけは許せないからリコールしたいんだけど署名250万人くらい集めなきゃいけないの無理ゲーすぎる。,0,0
829,,0,0
830,,1,0
831,日本のオリンピック役員が誰になろうどどうでもいいのですが、東京オリンピックに出場する人は、選手村で都民税を使って誰とセックスしたのかは、明示してほしい。,0,0
832,2056桁の10進数の暗号はRSA暗号と言いこの数字を素因数分解して解くのだがパソコンで解くと数万年かかるレベル。それを最終的に暗算で解いてしまうのが数学オリンピック日本代表の２位。,0,0
833,[昭和(戦後)]1964年東京オリンピック開催.,0,0
834,無観客では何の価値もない…選手村村長「川淵三郎氏」が語る東京オリンピック,0,0
835,キリスト教から見ると、悪魔のバール＝ゼウスを祭る古代オリンピックは、きっと悪魔の祭典って思ったでしょう。そして、長らく禁止されていたのを復活させたのが、今日Tweetしたフリーメイソンのピエールさんよ。★これから先の事はピエールのTweetに移動するよん。👋🏻,4,0
836,今年オリンピックの開催は無理だと思ってた要因の老害は消えたけどやはりできる感じがしない。,0,0
837,1984年ロサンゼルスオリンピック男子10000m決勝,0,0
838,shoは本気でオリンピック狙ってて日本代表候補に選ばれてたけど脚の怪我で現役を余儀なくしたんだよね。田村淳の番組で見たよ。だってさ,0,0
839,慶應時代にだいぶ苦しめられた藤田選手のブログ🏉尊敬するアスリートの１人です✨東京オリンピックに関しては何とも言い難い今日ですが、活躍する姿は見たい❗️,1,0
840,,0,0
841,胸が痛む内容‥もう戦争なんか、やめようよねえ、ここまで来たらさ‥でも、やめられなくて更に大勢の命を失ったんだよね。やめられない所、今のオリンピックと酷似してるよね。,14,6
842,でも言った言わないなんて不毛なだけで、緊急事態宣言何かももう効果あるとも思えないんですが。そもそもオリンピックやるんでしょ？なのに緊急事態宣言って私の中ではおかしな話でしか無いんです。,0,0
843,,2,0
844,オリンピックは韓国排除で,0,0
845,東京オリンピックTokyo2020jpまでに,0,0
846,アメリが代表のチケットほちい🙄NBAコミッショナーのアダム・シルバー、東京オリンピックへの選手派遣について「選手の判断次第」とコメント（バスケット・カウント）,0,0
847,８月まで伸ばせオリンピック再延期は無い。,0,0
848,,0,0
849,この容姿とキャラクターの人間が無数の未来にフィギュアスケートを選んでしかも才能があってオリンピック金メダリストになるってこの世の奇跡じゃないですか羽生結弦×フィギュアスケート奇跡,1,0
850,存在しないオリンピックのアイテムだ…,4,0
851,王毅さん！世界中から嫌われこのままだと、🇨🇳オリンピックも無理ですよ。,0,0
852,無事に開催されて欲しいですね。石川県の聖火リレーは女優の常盤貴子さんでしたがスケジュールがあわなくなったとの事で辞退されました。森前会長は石川県出身🥲,2,0
853,オリンピック委員会の悪口か？,1,0
854,今日は『豆知識』です。殆ど知られてませんが、1900年パリオリンピックで『Angling』が正式競技として採用され、6カ国600選手が参加し、『川魚』の釣果(数)を餌釣りで競いました。1964年東京五輪でも候補に挙がったそうです。今後バスやトラウトを対象にアメリカ次第では可能性があるかも……！？,7,0
855,世論は原発もオリンピックも中止か延期であるのに、いずれも聞こうとしない現政権。どこが国民のために働く内閣なのか！,9,3
856,,1,0
857,みんなからの匿名質問を募集中！こんな質問に答えてるよ●今後叛逆性続けるにあたって、団…●東京オリンピックのチケット申込…●٩('ω')و寝落ちプレ…●今日もリエンス領で寝ちゃうの？…,0,0
858,みんなからの匿名質問を募集中！こんな質問に答えてるよ●金融緩和政策に類似して、夜の営…●東京オリンピックのチケット申込…●お給金は？…●今一番欲しいものは何？…,0,0
859,みんなからの匿名質問を募集中！こんな質問に答えてるよ●どういうジャンルのアニメが好き…●東京オリンピックのチケット申込…●丸坊主になってみたい？…●鬱々…,0,0
860,著名人ランナーの辞退が相次いでいる東京オリンピックの聖火リレーは今月２５日にスタートします。実施へ向けて、検討は十分だったのでしょうか？聖火リレーの目的とは、そもそも……。,1,0
861,元々作品が持つポテンシャルの高さも当然あるけど、世の中がコロナとかオリンピック関連以外の共通の話題を欲していることもあって、エヴァはかなりヒットするのではないかという予感がしている。,0,0
862,ヤバい船からはいち早く逃げるのが得意な小池百合子が、この頃はオリンピックに前のめり感を出さなくなってきたのだからいよいよオリンピックは…。,0,0
863,,0,0
864,京谷くんと月島くんが仲良いのどう考えてもやばいでしょ一緒にオリンピックみる2人とか(ｶﾞﾀﾌﾞﾙ),0,0
865,中国、海警法は国際法に合致2021年3月7日,0,0
866,はい。全てはオリンピック開催の為。その勢いを借りて衆院選圧勝を狙っております。その為にはコロナでどれだけ国民が苦しもうが自助で頑張れと！お為ごかしな公助はほんのちょっとだけよ！😡💥💥💥,0,0
867,みんなからの匿名質問を募集中！こんな質問に答えてるよ●幸せって思う瞬間は…●チャタテムシはご存知ですか？…●オリンピックは何のチケット申し…●質問箱の新しい試み！あ…,0,0
868,【「オリンピックはさっさと決めないとダメですよね。一番しんどいのは選手じゃないですか。一番つらいのって、あるのかないのかわからないけど練習しているということ。多分、選手も（開催は）やらないと思っていますよね。」】,0,0
869,【三国峠～籠坂峠】東京2020オリンピック自転車競技ロードレースコース360°VRコースハイライト,1,0
870,小池百合子はやっぱり「オリンピックの成功」と「自身の国政復帰実現」しか頭にない。夏の都議選は「都民ファーストの都議」を大量落選させるしかありません。あと小池知事誕生のキッカケを与えた「舛添」を都知事にした「自民党」「公明党」にも厳しい審判を。,0,0
871,BBCで、日本はオリンピック反対デモをしているの報道があった。映像はたぶん表参道か？短かったけれども、デモをしているのは知らなかったので、日本国民の気持ちが英国に流れてよかった。,1,1
872,8／22大阪…今度こそ参加できるだろうか…自信ないけどオリンピックが開催されるなら行っていい気がする。,1,0
873,ほらね、小池は自分の政治的影響力にコロナを利用してるに過ぎない。去年オリンピックを開催させると言い切っていたのは森ではなく小池だぞ。【暴露全容】黒岩知事が小池知事に「ダメだ!」宣言解除めぐる軋轢明らかに橋下徹氏は「見せ方」に苦言（フジテレビ系（FNN））,1,0
874,みんなからの匿名質問を募集中！こんな質問に答えてるよ●うんお花(笑)ツッコん…●ばあちゃん家がつまらん？お前の…●こんばんは(゜∇^d)!!質…●オリンピック・パラリンピックが…,0,0
875,今はもう、世界的にこんな状況でそれどころでは無いので、ごめんなさいと頭を下げる勇気を。オリンピック辞退は初めての事じゃないし、むしろ日本国民の聡明さに世界が刮目するでしょう。秘密のたからばこ,0,0
876,みんなからの匿名質問を募集中！こんな質問に答えてるよ●車のナビを信用できなくなりまし…●好きな力士はだれですか？…●上から読んでも下から読んでも…●オリンピック、結局トーキョーと…,0,0
877,新城選手パリーニースからシーズンインか今年はオリンピックもあるし頑張ってほしいな,0,0
878,4/1エイプリルフールで1番多いのはオリンピック中止だろうと予想。ところが...,0,0
879,N田に彼女出来たら、5歳児がオリンピックでるようなものさ？,0,0
880,和田アキ子「あのコロナッ、破ｯｯｯｯｯ！！！！！！！！！！！」《全世界、コロナ終息》❤サンキューアッコ❤,4,2
881,最近、オリンピックの報道が減ったような・・報道すれば、開催は無理だという大方の意見に触れないわけにはいかないし、触れれば官邸からナイフだ。そりゃ減るはずか…,35,15
882,今、京都で開催中の京都コングレス。コロナ禍の中で例外的に各国から要人が来日する大規模国際会議。これは、京都コングレスを無事に開催しているんだから、東京オリンピックもやるよ、大丈夫だよ、と言う政権側のアピールもあるんじゃないですかね。,4,0
883,【◇オリンピックに向けた日本代表合宿が招集されたため、・４セット目、,6,0
884,自身は対策無しで人一倍の権力欲と保身だけ、「お願い」「やっている感」だけでは人災コロナは収まらない。地味なコロナ対応は本人には苦痛だろう、キャスター時代同様華やかな中で目立ちたい存在だから、残念だがオリンピックは格好の演出となるはずだつたろうに、今年はもっと苦しむだろう,0,0
885,そういえば今年の総合火力演習はどうなるんだろう？昨年と同様、オリンピック開催の可能性も織り込んで非公開で5月かしら？,5,0
886,東京都議選2021年7月4日都民ファースト、小池擁護的な発言、緊急事態宣言延長、一律協力金になんの問題提起しないやつ、オリンピック推進してるやつ、今のうちに全員チェックしておこう！絶対落としてやる,3,0
887,【動画】「廃止だ廃止」「地獄に落ちろオリンピック！」JOC前で東京五輪中止を求めるデモ警察官50人出動で騒然,0,0
888,「偶然にも作中の設定が現実世界の未来と一致した」のと「現状から予測（予言）していた」のは絶対に区別してほしくて2021年にオリンピックが中止したのとかだよ,0,0
889,そもそも今回の延長って、7日解除と21日解除とでは25日から始まる聖火リレーまでに感染者数が増えるリスクが前者の方が高いから、2週間延ばして25日までは感染者数を増やさないことが目的でしょもし25日以降に感染者数が増えても聖火リレーしてるし、オリンピックやらなきゃいけないよねって言えるし,0,0
890,もうオリンピックやめよう。経済効果は地方に及ばないから地方には負担しかない。東京に協力したい気持ちももうないよ。地元の伝統的なお祭りを復活できることのほうが重要。,0,0
891,完全なり政治禁治産者安倍晋三五輪中止。安倍晋三の嘘八百オリンピックインタビューが酷い。復興に役に立たないという声が7割近くあるのに、安倍晋三は胸を張って復興五輪と言う...,3,1
892,一番おもろないのは、オリンピック予選に海外組呼びませんから！って最後まで物語全体でしつこく言い続けたけど思いっっっっっきり呼んどいて、よくまぁそんな譫言を言い続けられるよね……,1,0
893,機会があれば観てみます😊,0,0
894,みんなからの匿名質問を募集中！こんな質問に答えてるよ●今までで一番、熱く盛り上がった…●彼氏が目の前で女友達にボディタ…●東京オリンピックで侍JAPAN…●オオオオオオオオオオオオ…,1,0
895,７月のオリンピックに是非参加したいなどと考えている国が、世界の何処にあるのか？ＩＯＣ、政府、組織委、ＪＯＣ、東京都は、各国にヒヤリングしなければならない。各国とも今年は、コロナを納めるのに専念したいと考えていて、丁重に不参加を表明されるのがオチである。,0,0
896,東京2020オリンピック・パラリンピックCollection.2020年東京大会は「未来への継承」,2,0
897,近代オリンピックはこれからつくっていくべき夢である。,5,1
898,,2,0
899,オリンピズムにのっとったあるべき正しいオリンピックを東京（日本）で開催するべきであり、今次開催される東京オリンピック2020はそうあるべきだ。そして今後ともそのような正しいオリンピックを世界各地で続けていくべきである。,7,1
900,,0,0
901,みんなからの匿名質問を募集中！こんな質問に答えてるよ●なんで男って彼女に「肉じゃが」…●もう薄々感づいてるでしょ？…●オリンピック楽しみなんですけど…●己の道を行くほうですか？人に合…,1,0
902,緊急事態宣言延長は意味あるの？オリンピック開催宣言の為だけでしょ？今年の緊急事態宣言はなぜ給付金ないの？何故去年は少ないのにあったの？飲食店だけ補助はひどい。,1,0
903,本当に気の毒。まぁこの世の中、声の大きい人の勝ちってことなんだろうな…,0,0
904,みんなからの匿名質問を募集中！こんな質問に答えてるよ●きちんと情報を収集し投票した人…●ラーメンとはただ腹を満たすもの…●リアルで政治の話振られたらどう…●東京オリンピック賛成・反対？…,1,0
905,みんなからの匿名質問を募集中！こんな質問に答えてるよ●自撮りみたい。…●オリンピック楽しみなんですけど…●ネットで最近何買った？…●最近誰と遊ぶのぉ～？ww…,1,0
906,人生の初めて投資として1万円購入した。🙌東京オリンピック大会開幕時は日本円上昇してお願い🙇‍♂️🙇‍♂️,4,0
907,しかもその行事とは血を伴う生け贄を捧げられており、悪魔の儀式そのものだったようです。古代オリンピックの選手は全裸で競技をしていました。異常です…😱また、オリンピック開催中は男性同士の性行為までも蔓延していたとか…😱キリスト教徒には許し難い行為だったというわけです。,2,0
908,,1,1
909,Windowsの自動更新かかるとヤヴァイ場面ベスト55位テレビ中継入る有名人の披露宴4位超大物演歌歌手の引退公演最終日3位N○K「ゆく年くる年」のスタジオ2位オリンピック開会式演出用1位かくこうげきのぼうぎょでも、まぁ、やるんでしょうなMSは。自分達が「神」だと思ってるから。,0,0
910,菅が、東京オリンピックの中止を公表するらしい,0,0
911,ウマ娘のこと人を見世物みたいにしてて気持ち悪いとか言ってる人達はオリンピックとかどういう気持ちで見てるんだろうか,22,9
912,「中共は、オリンピック選手にワクチンを提供するためにIOCと協力する用意がある」そうだ。,1,0
913,ジュニア大会。インターハイ。ユニバーシアード。オリンピック。東野なら走れるだろう。そうして僕はきっとそれをテレビで見るんだ。[由郎],0,0
914,まだその頃は知らなかった…ｵﾘﾝﾋﾟｯｸのｷｬﾗのｱﾆﾒ見て♬走れｺﾞｰｲﾝｸﾞﾎﾞｰｲは歌ってたけどね😚,1,0
915,今年はオリンピックですね！乾杯！,0,0
916,中韓は、さらに先まで入国禁止が必要,1,0
917,ただオリンピックの団体戦かなんかに出るかもね,0,0
918,,0,0
919,水心子「来たかったけど来れなかった」はら「オリンピックちゃんのことか？？？」,0,0
920,[709]緊急事態宣言が発令されたなかで注目されるのが東京オリンピックの行く末です。先日のアンケートでは国民の８割が延期または中止が現実的と考えており、開催が危ぶまれる状況が続いております。その中でオリンピック...,0,0
921,これを読めば自転車トラック競技の有名どころを抑えられる・・・かも？最強のオリンピアンは誰？自転車トラック競技オリンピック金メダリスト振り返り,16,2
922,恐れていたことが的中、医療崩壊の現実と向き合う事に・感染爆発で各地で医療難民、多くの死者が出る・オリンピックはもちろん中止・ワクチンの混乱が収まらない・経済活動が相当落ち込む、企業倒産、失業者が増大・変異種で4波、さらに悪化の予想早期の大規模検査と隔離しかない,2,1
923,今のがそろそろヤバいなーと思っていたのだけれど、公式でオリンピック限定カラーは3割引で売ってるというのを聞いて買ってしまったあたり,0,0
924,震災時、民主党は酷かったって言う人居るけどさ。邪魔してたの自民党でさ·····あの時民主党がお金回してくれなかったら今まだもっと沢山の人が仮説暮らしだよ？政権変わってオリンピック決まって業者引っ張られたからまだ復興途中だよ？,0,0
925,肩を怪我してから勝てない🙄あと５つの大会を終わったらオリンピックなのに…自分に無力さにイライラする。,0,0
926,柔道・新井千鶴クセが強い“伏兵”との苦戦で収穫「五輪１、２回戦で戦う確率高い」/スポーツ/デイリースポーツonline,2,0
927,幸せです。オリンピックができればもっと幸せです。,0,0
928,サクライ氏は日本国民の８割がオリンピック反対してるっていうけど本当だろうか？日本が中止で肥溜め組織の冬のオリンピックが開催されたらどうなんだろう、日本がダメな国ということにならないか？,1,0
929,オリンピックを開催したとしても、外国人観光客観客を拒否を明確にした時点で、経済効果外国人観光客によるオリンピック費用回収は見込めない！海外のTV局の放送利権、日本の一部の企業の為利権の、変異種コロナ感染リスクのあるオリンピックなど中止するしか無い！,2,0
930,みんなからの匿名質問を募集中！こんな質問に答えてるよ●MTGで好きな色は何ですか？…●オリンピックも増税も元をたどれ…●好きでした。…,1,0
931,,0,0
932,みんなからの匿名質問を募集中！こんな質問に答えてるよ●今まで誰にも言ってない秘密を教…●オリンピック楽しみなんですけど…●服からでは？その方が面倒じ…●Vの前世の話を検索避け無しです…,0,0
933,リムジンバスケット▶とんかつの刺身▶ミジンコ弁当▶羽毛布団パフェ▶フェリペ大統領オリンピック▶,1,0
934,オリンピック自体はどうでもよくてアスリートをダシにして放映権料だけ欲しいんだよね,0,0
935,◯◯の噂のあるひとたちがオリンピック反対とか聖火ランナー辞退とかなんか炙り出しだね。日本好きだから、絶対やります‼️なんて言う人は出てこないかな⁉️,1,0
936,東北地震発生10年が経過東北復興は、原発はいまだ危機的状況、帰りたくも帰れない人たちがいまだに多数オリンピック招致時原発はアンダーコントロールと嘘を言い、今復興オリンピックと言えるのか原発終息が見えて初めて復興と言えるのではないか,1,0
937,入替まで時間あるのでサウナ🧖‍♂️へオリンピック聖火リレーのトーチが展示してありました。模様付きのトーチは前回のリオ五輪のトーチです。今回使用するトーチは上部が桜🌸の形になっています。石川県の聖火リレーは5/31-6/1ですよ。,23,1
938,,0,1
939,【動画】「廃止だ廃止」「地獄に落ちろオリンピック！」JOC前で東京五輪中止を求めるデモ警察官50人出動で騒然,0,0
940,オリンピックもあるし💦,0,0
941,NHKニュースで山あげ祭りが出てきたなぜか親近感わくニュースだったでもオリンピックはどうなるのかな歌舞伎舞台を聖火リレーで展示へ｜NHK首都圏のニュース,1,0
942,杉浦はランニングニーもキャッチした北宮はブレーンバスター狙いも着地した杉浦がターンバックルジャーマン！鬼エルボーの乱打！北宮は構わず前進も杉浦がナックル！桜庭は中嶋をスリーパーでセーブ！杉浦は北宮にオリンピック予選スラムはロープブレーク！,0,0
943,杉浦がオリンピック予選スラム！！！,27,7
944,【観客を募集中】3/20.21(土日)日本パラ陸上大会が開催されます。in駒沢オリンピック公園私は仕事として選手のサポートで参加予定です(^^)/,2,0
945,経路不明感染者のほとんどの人は通勤電車マスクしている人の2割は正しくつけていないこれでわ感染者の下げ止まりわ無い何故電車内わ感染すか危険度が高いと誰も言ってくれない❓経済❓オリンピック❓それとも何かな。,1,0
946,まぁ、現状は無理でしょう。馬鹿な私でも判る。故に、感染拡大防止に国民は協力し感染者も、減ってます。オリンピックは国民の協力、努力を無駄にするだけ,1,0
947,あっお母zさん何でも無いよ、ズfボン下ろしてるのはあれだkよほらあれオリンピック出たいんだよ俺,0,0
948,オリンピックどころではない。オリンピックにこだわった奴は国賊だ！！ブラジル感染再拡大で死者最多大統領「泣き言やめろ」,0,0
949,オリンピック村でコンドーム配布くらいではもう全然驚けないので日本寄生虫学会でコンドーム配布くらいのスクープ持ってきて欲しい(*´ω`)、w,0,0
950,今年、オリンピックが開催されるとしたら、震災からちょうど10年。海外からの観客を制限するんだろうから、最高の映像で日本という国を発信して、魅せればよいのに。,0,0
951,時短営業がほんとに迷惑だから、ダラダラ緊急事態宣言延ばすならオリンピックもやるな,2,0
952,昨日の夜はお友達夫婦のお宅にお邪魔してたんで照のSHOWチャンネル今観たんだけど、もうさ、普通にその道にいればオリンピック出れるんじゃない？？？,0,0
953,なぜかというと。同時のギリシアはローマに全土を征服されていて、そのローマが392年にキリスト教を国教にしたから。キリスト教以外の宗教は禁止。となれば、古代オリンピアの信仰も異教で禁止。そもそも当時のキリスト教徒は古代オリンピックを嫌っていた。宗教行事だったので。,5,0
954,あすのシン・エヴァがどこまで時代を反映するか。ゴジラと巨神兵とエヴァが仲よく遊ぶ姿がスクリーンに……五輪中止。安倍晋三の嘘八百オリンピックインタビューが酷い。復興に役に立たないという声が7割近くあるのに、安倍晋三は胸を張って復興五輪と言う...,1,0
955,【動画】「廃止だ廃止」「地獄に落ちろオリンピック！」JOC前で東京五輪中止を求めるデモ警察官50人出動で騒然,0,0
956,小田急の車両。東京オリンピックを開催するムードを盛り上げるため🙂,1,0
957,今回の緊急事態宣言延長が政府の小池知事潰しの狼煙であればまだ救われる。緊急事態宣言明けからの経済回復、オリンピック開催に向けて加速。気候もよくなり陽性者も現状程度で抑えられるだろう。コロナ脳撲滅。,1,0
958,俺たちがオリンピックだ！！,0,0
959,,0,0
960,オリンピック中止求めるデモで人集まるくらいなら集まってオリンピックやれば,0,0
961,森氏の辞任、ジェンダー平等に本格的な取り組みをジュールズ・ボイコフ米パシフィック大教授東京オリンピック中止とともにオリンピックというものがなくなる。どうせオリンピックも金儲けならば、ワールドカップや世界選手権でいい。大義名分のオリンピックはいらん,0,0
962,酒太るだけだしほんと！飲まない方いいよ！（自責）トニトニ知らない？？2020年のオリンピックに向けて2013年くらいからジャニーズずっとトニトニ言ってたんだよね😂トゥエンティートゥエンティーの略でトニトニ😂,0,0
963,安部菅政権は原発の核の処理しても沖縄の辺野古の軟弱地盤にしてもそしてこのコロナ禍でのオリンピック開催も何ら解答をもたず先を見通せないまま一度決めた政策を決して止めることをせず強行し続けることだけで政権維持しようとする地獄の政権,1,0
964,いまだにオリンピック開催が目論まれているようですが、海外アスリート招けるなら、当然大学の対面授業再開も中高生の修学旅行も可能ですよね？って思うのは自分だけではないはず…,1,0
965,オリンピックで作った建築建物、もったいなかった。,0,0
966,東京オリンピックへの参加は選手次第かぁ～…外交摩擦も踏まえて、IOCとしては上手い発言やなぁ～。。。,1,0
967,日本政府は「日本変異株」が確認されてオリンピックが流れるのをのみ恐れてるとか、まさかとは思うけどそんなわけないよね？よね？,0,0
968,【定期】超健全な中3男子です。ダンガンロンパ2にはまってる。好きなキャラは罪木。初心者。NARUTO/夏色ランデブー/ソードアートオンライン/人類は衰退しました/けいおん/ダンガンロンパ/サッカー/ピアノ/ボカロ最近はオリンピックに夢中です。リフォローします。,0,0
969,"整数の組(x,y)であって,x^2-y^4=2009を満たすようなものを全て求めよ.(2009スペイン数学オリンピック)",0,1
970,TOKIOと窪田正孝さん、福島走る聖火ランナーを辞退-東京オリンピック：朝日新聞デジタル問題の多いTOKOをはずすべきだった。辞退するのは当然、むしろ遅すぎた。早く代わりのランナーを選ぶべき！,0,0
971,物理的に物がない接種技術者の不足に運搬に保管と無理がありますからね💦私は世界的には年内の年末辺りに、一定の収束へ向かうと予想はしてますけどオリンピック開催をする日本は、かなり遅れるのではないかと思ってます。,0,0
972,オリンピック期間の生き方,0,0
973,やっぱり今年は、何が違う感じるのは、僕だけなのか？？・小田急沿線に住んでいる→ロマンスカーミュージアムができる・横浜出身→横浜にロープウェーができる・プリキュア・コナン好き→両作品の映画の舞台が東京23区・相模原→オリンピックの競技が見れる・今年24歳になる→年男,1,1
974,,3,0
975,,1,0
976,私もオリンピックどころでねえ😠💢,2,0
977,こんにちは。こちらで英会話の効率的な学習方法をお伝えしていきます。英会話って語学学校で学んでいるだけではある程度しかできるようになりません。帰国子女の英会話習得法を試してオリンピックまでにはペラペラを手に入れましょう！,0,0
978,,0,0
979,オリンピックのチケットもこんなんだったなんとかなるでしょ,0,0
980,【定期】『新型コロナで住まい・居場所を失った人のために「オリンピック選手村」の一部を開放してください』の電子署名活動を応援します,0,0
981,ヒント:オリンピックまであと何ヵ月,0,0
982,オリンピック開催しなくても批判されないと思うけどなぁ国の我儘聞いてあげるほどの余裕も無いし…,1,0
983,ことなこのデュエダンはもはやオリンピック金メダルレベルの動きです,1,0
984,ダイクマ→オリンピックとなってた居抜き物件がブコフになっててちょっと覗いたらギターが安く売られてた練習用に一つ買おうかしら,0,0
985,【動画】「廃止だ廃止」「地獄に落ちろオリンピック！」JOC前で東京五輪中止を求めるデモ警察官50人出動で騒然,0,0
986,ことなこのダンスをオリンピック競技と表現した方、ほんと秀逸すぎるわ確かにあれはオリンピック競技やった,0,0
987,”日本ラグビーフットボール協会、理事の谷口さん”ラグビー界は私が高校生だった頃の大昔から森喜朗さんが顔役でしたが。最近はちょっと方針を変えたのかな。変えないとマズいですよね。オリンピック界隈はいつまで森喜朗を使えると考えているのか？視聴料1500円。見ません。,0,0
988,(o´∀｀o)ﾉ,1,0
989,さて？復興オリンピックの文字は何処に？なんか〜すべて間違っちゃ〜いませんか？TOKYO〜🇯🇵〜JOC〜IOC〜世界の皆さま？ニッポンの春は美しいのです〜(🌸´⌓`🌸),2,0
990,これに参加するって、中国の虐殺と人権弾圧への支持と同じ意味だもんな。,8,0
991,入り用だから、金よこせ！ってさ、オリンピック意地でもやるから、おめぇらの税金から捻出するからな！って言ってるのと同じだよね...,2,0
992,「ことなこのデュエダンはオリンピック競技」ってわかりみがすぎる,2,0
993,【動画】「廃止だ廃止」「地獄に落ちろオリンピック！」JOC前で東京五輪中止を求めるデモ警察官50人出動で騒然,0,0
994,ハワード版ちゃんと見たのが手術で入院してた時（BOXで持って行ってた）だったから覚えてないことが多すぎロンドンオリンピック真っ最中の頃…,2,0
995,デュエダンがオリンピック競技理解しましたﾉｼ,1,0
996,続き。そして2階には、オリンピックの様々な競技を雛人形や日本人形で再現した『ひなの競演』という圧巻の展示物。めちゃくちゃ面白かった～😂愛媛県八幡浜日土地区『YAMATTO学舎』。古き良き木造校舎の趣をそのままに、美味しいイタリアンと、季節の展示や風景が楽しめます。,50,1
997,,0,0
998,オリンピックとかリニア出てくるやつは4月公開！！って予告流れて、😳⁉️⁉️なった笑笑,1,0
999,オリンピックも断固中止してください。,0,0
